,ztf_id
0,ZTF18acaopar
1,ZTF19acysuyx
2,ZTF19abucvee
3,ZTF18acnsztv
4,ZTF18acvgrbe
5,ZTF19acxyucs
6,ZTF18aaiyzuz
7,ZTF19acynvns
8,ZTF19aayrjsx
9,ZTF18abnotat
10,ZTF19acbmzyw
11,ZTF18aargnvv
12,ZTF19abgeywb
13,ZTF20abazedf
14,ZTF19abgmmfu
15,ZTF18acurjjx
16,ZTF20aapaeta
17,ZTF18aauduzx
18,ZTF18aceeqya
19,ZTF18aclgopa
20,ZTF19aavsahh
21,ZTF18aaadgxi
22,ZTF18abjlxww
23,ZTF19acdaesq
24,ZTF20aaxneem
25,ZTF19aarycuy
26,ZTF20aaidabf
27,ZTF18ablmemb
28,ZTF19abqlnxp
29,ZTF18acefruj
30,ZTF19acdyqff
31,ZTF19adcfsoq
32,ZTF20abfcesa
33,ZTF19aaujmyn
34,ZTF19aagnejf
35,ZTF19adcbqja
36,ZTF20aaertil
37,ZTF18abskpvr
38,ZTF18acbznow
39,ZTF19aaojnrx
40,ZTF19acymsih
41,ZTF18aaqduja
42,ZTF19acdjizv
43,ZTF18aauinub
44,ZTF18aaoxkmt
45,ZTF19aabzgoc
46,ZTF19aaobpgl
47,ZTF18acptvok
48,ZTF18aceszvy
49,ZTF19aamledt
50,ZTF19adcdxgc
51,ZTF18aaflyqi
52,ZTF18aayiqtf
53,ZTF18aayavph
54,ZTF18acnbgpv
55,ZTF19abpnryh
56,ZTF18abydjkg
57,ZTF20abgdspk
58,ZTF19ablekwo
59,ZTF19aboukmo
60,ZTF19aamqwrq
61,ZTF18abweunr
62,ZTF20aamqgxe
63,ZTF20aalsodl
64,ZTF18abobvfp
65,ZTF18aayopun
66,ZTF18aaidgin
67,ZTF18absiuhl
68,ZTF19aascwif
69,ZTF18aacaosx
70,ZTF18acspmco
71,ZTF18abtjkdc
72,ZTF19abajnuo
73,ZTF18abwacuh
74,ZTF18acaxfmq
75,ZTF18aajmlnp
76,ZTF19aavailp
77,ZTF18aaqzpne
78,ZTF18aauggrh
79,ZTF18aanxtko
80,ZTF19abfvecb
81,ZTF18aatelac
82,ZTF18aagpinb
83,ZTF19aahcwnf
84,ZTF20aahqaph
85,ZTF18aagpswr
86,ZTF20aauynvr
87,ZTF19acrlilz
88,ZTF19abpnrsh
89,ZTF19aaaplyy
90,ZTF19aanesoj
91,ZTF18abuatqi
92,ZTF19abcefma
93,ZTF18aauphkb
94,ZTF19aadfjig
95,ZTF19aawscjn
96,ZTF19abptdsr
97,ZTF18ablwbqn
98,ZTF20aajaukh
99,ZTF18ablhtzm
100,ZTF18aalsbug
101,ZTF18aaqlxkj
102,ZTF18acclaad
103,ZTF18aahipqe
104,ZTF19aappgtw
105,ZTF19aalawwx
106,ZTF18aawxddu
107,ZTF18acwyoit
108,ZTF19aascsky
109,ZTF19aabgezv
110,ZTF20aaurxws
111,ZTF18actwwzv
112,ZTF18abkdpjl
113,ZTF19aaagaxj
114,ZTF19abjeogx
115,ZTF18acnblbh
116,ZTF19aalbqvz
117,ZTF18acbwvsq
118,ZTF19aafnogq
119,ZTF19aaxrfvd
120,ZTF19abarnkw
121,ZTF19abjfzan
122,ZTF18acmyxfx
123,ZTF18aaqzhib
124,ZTF18aaaizls
125,ZTF17aadjonw
126,ZTF19ackjkpy
127,ZTF18absbqlg
128,ZTF18abzptvg
129,ZTF18aarpzbl
130,ZTF19abqmpti
131,ZTF19aaycpup
132,ZTF19aamurgd
133,ZTF18aceylbs
134,ZTF19aazdvov
135,ZTF19adcfzov
136,ZTF18abuiytq
137,ZTF19aatvmds
138,ZTF19aabzfqc
139,ZTF19aavajrd
140,ZTF19aamgjbq
141,ZTF19aasbowd
142,ZTF18acxxawp
143,ZTF18abtmtlg
144,ZTF18acaqjpi
145,ZTF20aahggbm
146,ZTF20aaowuim
147,ZTF19aasnaqa
148,ZTF19acasiwm
149,ZTF19abfqvuc
150,ZTF18acanqyr
151,ZTF18abmkbqk
152,ZTF19aahsanh
153,ZTF19abjactd
154,ZTF18abzjonu
155,ZTF18acyyhgf
156,ZTF18aarvcmx
157,ZTF18aajbdyg
158,ZTF18abcvayq
159,ZTF20aaawbkz
160,ZTF19abzrzbm
161,ZTF18actzyzs
162,ZTF19abqyosy
163,ZTF18aakesek
164,ZTF18aayooza
165,ZTF18abszxqc
166,ZTF19accanjc
167,ZTF19abxvksn
168,ZTF20abgtwal
169,ZTF18aaivmjj
170,ZTF18aaydyka
171,ZTF18aceenzq
172,ZTF18aavuvee
173,ZTF19achaibh
174,ZTF19aanfyey
175,ZTF18aahfojs
176,ZTF19aavlgdy
177,ZTF18acntaay
178,ZTF19accymmv
179,ZTF19abbxrmr
180,ZTF18acvgrga
181,ZTF19abubnwx
182,ZTF18abunigc
183,ZTF18abwlupf
184,ZTF19abxwkty
185,ZTF19acgdxel
186,ZTF18aagqxym
187,ZTF20aaelxjv
188,ZTF19aaspdza
189,ZTF19aabzvqy
190,ZTF19acbjqcf
191,ZTF19aalagmr
192,ZTF18aambjzu
193,ZTF18accmkuh
194,ZTF19aalfwho
195,ZTF18aagcrgq
196,ZTF19aamrekf
197,ZTF19abionxx
198,ZTF18acbvtza
199,ZTF19aaujydn
200,ZTF18aaepdxd
201,ZTF18aceypci
202,ZTF18aamvdwm
203,ZTF19aaaapzc
204,ZTF19abezraj
205,ZTF18aczeqvd
206,ZTF18abccwgr
207,ZTF19acdakhd
208,ZTF19aanyuzb
209,ZTF19abvdels
210,ZTF18abctuok
211,ZTF19aahdhcf
212,ZTF18acasuxc
213,ZTF18acrcfph
214,ZTF19acxxwzs
215,ZTF19aatvmyz
216,ZTF18acslmhr
217,ZTF19acbveok
218,ZTF19acykagx
219,ZTF18abwuahw
220,ZTF19aansypp
221,ZTF19aaycptg
222,ZTF19aazdsch
223,ZTF19aarfequ
224,ZTF19aaefump
225,ZTF19aanxgae
226,ZTF19abbwkeh
227,ZTF18abkpwiq
228,ZTF18abyiusv
229,ZTF18aaajvfv
230,ZTF19aciujct
231,ZTF18ablqewi
232,ZTF18adbzbzo
233,ZTF18aareysp
234,ZTF19aazlooc
235,ZTF18aaagnpp
236,ZTF18accvzjl
237,ZTF19aasewzq
238,ZTF18acecfkn
239,ZTF18aarujpd
240,ZTF19acswsxu
241,ZTF18aauvptt
242,ZTF18acpoeia
243,ZTF19acvuann
244,ZTF18aawwpbh
245,ZTF19acxyuel
246,ZTF18aaimzra
247,ZTF19aatvmnb
248,ZTF18aafevzi
249,ZTF18aajtsnn
250,ZTF19abfzzam
251,ZTF18acyxciy
252,ZTF18aajjhpc
253,ZTF18abtrlla
254,ZTF19aavnwoh
255,ZTF18achdzwi
256,ZTF18aaacesi
257,ZTF18aaidpbg
258,ZTF18accwjao
259,ZTF19aaaphmi
260,ZTF18aceyxwn
261,ZTF18acibdny
262,ZTF18aaucyig
263,ZTF19aapzbmx
264,ZTF18acdvahc
265,ZTF20aanedfa
266,ZTF18abvzihw
267,ZTF19aavxwqu
268,ZTF18aczuvpl
269,ZTF18abvptts
270,ZTF18acufhuz
271,ZTF19aaikwix
272,ZTF18acegcvf
273,ZTF18aaeseom
274,ZTF20abdvwua
275,ZTF18abbjjpm
276,ZTF18achchge
277,ZTF18absoocm
278,ZTF20aarkdtk
279,ZTF19abiaasj
280,ZTF18acdwxcg
281,ZTF20aagkyty
282,ZTF18acmyfyu
283,ZTF19abzlvsz
284,ZTF18aajiafh
285,ZTF19aarswvn
286,ZTF18aacttde
287,ZTF19aarhrru
288,ZTF19adbrftq
289,ZTF19abyhnhq
290,ZTF19aanyfye
291,ZTF19aadgceq
292,ZTF18adalfyk
293,ZTF18aanmvtc
294,ZTF19aacxvyw
295,ZTF19aawlmbh
296,ZTF18abthuby
297,ZTF20aabcemq
298,ZTF18aasesgl
299,ZTF19acytcoi
300,ZTF19aavxwfm
301,ZTF18abddpsm
302,ZTF19abjaqxd
303,ZTF18acwxwgw
304,ZTF19adcduoj
305,ZTF20aalkbuu
306,ZTF18aauhley
307,ZTF18acxzyal
308,ZTF19abqhikn
309,ZTF18abqoxhy
310,ZTF19acmbhcy
311,ZTF18acpwodb
312,ZTF19abeghku
313,ZTF18aaabpqp
314,ZTF18aaxrlha
315,ZTF19aaoprhs
316,ZTF18aabdjtp
317,ZTF18abnclbh
318,ZTF18ablqgje
319,ZTF18abstbyq
320,ZTF19aaczuxz
321,ZTF18adamwxk
322,ZTF18adcaosw
323,ZTF18aavsoed
324,ZTF19adcedtz
325,ZTF18abklbgb
326,ZTF18accnpjg
327,ZTF19aalmtxr
328,ZTF19accczor
329,ZTF18abilnxm
330,ZTF18abquysk
331,ZTF18aayjflv
332,ZTF20abbjqoh
333,ZTF19aaycpby
334,ZTF18adacoaj
335,ZTF18abukavn
336,ZTF20aanaidh
337,ZTF19abqyolt
338,ZTF18abylorm
339,ZTF18abuaimq
340,ZTF19abgjlef
341,ZTF19aavihif
342,ZTF20aafqths
343,ZTF18absrdom
344,ZTF19acbokln
345,ZTF19abnobpp
346,ZTF19adapwaz
347,ZTF18aazdkad
348,ZTF18aaldrza
349,ZTF19adceobn
350,ZTF19aaaqfoq
351,ZTF19aavtefr
352,ZTF18accdzeo
353,ZTF19aauiyim
354,ZTF18acdxtan
355,ZTF18abhbckp
356,ZTF20aaghoqz
357,ZTF18abvgcub
358,ZTF20aahfbur
359,ZTF18aazwsui
360,ZTF19acccreo
361,ZTF19abjpjrx
362,ZTF18adayxui
363,ZTF19aanuvep
364,ZTF18abtmfwf
365,ZTF19aashasy
366,ZTF19aaaanpc
367,ZTF19abncwjs
368,ZTF20aajccqq
369,ZTF19abzqxyu
370,ZTF18achdyst
371,ZTF20aajjtyt
372,ZTF18abzsswn
373,ZTF19abahlpz
374,ZTF18aauylsc
375,ZTF18aavsdxv
376,ZTF20aafzcpz
377,ZTF18acujaic
378,ZTF18abskhcp
379,ZTF18aanxtag
380,ZTF18acenyfr
381,ZTF19abroguf
382,ZTF19aanymoq
383,ZTF19aalbged
384,ZTF19aanwfqd
385,ZTF18aaqpouu
386,ZTF18abmnvjc
387,ZTF18accdhop
388,ZTF19accmgvk
389,ZTF19abubzck
390,ZTF19abvhzli
391,ZTF19abxtdgh
392,ZTF19ablrgfg
393,ZTF19abmpltj
394,ZTF18aaadtdc
395,ZTF20aabnzuh
396,ZTF19aaynmfj
397,ZTF18acmvcme
398,ZTF18abnwlqx
399,ZTF19aapealh
400,ZTF18accdeyk
401,ZTF18acushfd
402,ZTF19abjgcad
403,ZTF18acakhfl
404,ZTF19aajwtkb
405,ZTF18aaowibv
406,ZTF18acrnhtg
407,ZTF19aalofbx
408,ZTF18abmawjk
409,ZTF19aaafnts
410,ZTF18accpucr
411,ZTF18aakycur
412,ZTF18aaxsbjy
413,ZTF19aaumzuu
414,ZTF18aasdusn
415,ZTF20aawofat
416,ZTF19abkazfb
417,ZTF19aaldqkg
418,ZTF19aapvmfo
419,ZTF19adceibx
420,ZTF18abvdure
421,ZTF19acgjyte
422,ZTF17aacvxna
423,ZTF19abkdrwo
424,ZTF18accvflv
425,ZTF18abfxsxc
426,ZTF19aakjfqf
427,ZTF18acrxwxm
428,ZTF18abbodao
429,ZTF18abwluoz
430,ZTF19aadewlf
431,ZTF19abqynmq
432,ZTF19aatvmtk
433,ZTF18acbxpki
434,ZTF18aaclfbv
435,ZTF19aawfueb
436,ZTF19aailrlv
437,ZTF18acvwgao
438,ZTF19abkfquy
439,ZTF18aaxgvyy
440,ZTF19adcdyds
441,ZTF18abcevtn
442,ZTF19aaqfgjm
443,ZTF19aarruzc
444,ZTF18aanxggu
445,ZTF19aadmnra
446,ZTF19abblfyc
447,ZTF19aafcgmj
448,ZTF18aajjlpx
449,ZTF19acbvtyd
450,ZTF20aafwrrx
451,ZTF19aapafew
452,ZTF19aascgrs
453,ZTF18abcbvxc
454,ZTF19ablzhav
455,ZTF19abehgmx
456,ZTF18abuyqbp
457,ZTF19aawhwqp
458,ZTF18aaegrnn
459,ZTF18abqkzlv
460,ZTF19aamvjlw
461,ZTF19aaleson
462,ZTF20abfrdei
463,ZTF18acxgnsb
464,ZTF19abgftqs
465,ZTF19aayctej
466,ZTF18aavwnxw
467,ZTF19acnplks
468,ZTF19aalbvtz
469,ZTF18aavraqb
470,ZTF19aaoifnx
471,ZTF19aaoikah
472,ZTF19abccspv
473,ZTF20aaieyuw
474,ZTF19aakpfjw
475,ZTF19abwsdph
476,ZTF19adcewei
477,ZTF18aabtkwb
478,ZTF19abljkea
479,ZTF18abcolta
480,ZTF18acrhdai
481,ZTF20aahcqxy
482,ZTF20aanrsys
483,ZTF18aaxzrry
484,ZTF18acetnxh
485,ZTF19aaapipk
486,ZTF19aaapmgq
487,ZTF20aakbthe
488,ZTF18acvgqsl
489,ZTF19abgctni
490,ZTF18aaqdzys
491,ZTF18aajtinl
492,ZTF18abtgien
493,ZTF18aczeiui
494,ZTF19abjoutt
495,ZTF20aaicmoc
496,ZTF19abtspvl
497,ZTF19aaohxwd
498,ZTF19abuznyi
499,ZTF18aaizipi
500,ZTF18aamhnti
501,ZTF19aavorxf
502,ZTF19acdxlns
503,ZTF18aamveez
504,ZTF18abslduk
505,ZTF19abegqeb
506,ZTF19aaojljx
507,ZTF19acbmwtc
508,ZTF20aahapsq
509,ZTF19acbocrx
510,ZTF19aasbxon
511,ZTF20aafduuu
512,ZTF18aaevitj
513,ZTF18aarcneu
514,ZTF18abtiuow
515,ZTF19aamhhvt
516,ZTF19abvieiy
517,ZTF19abxikhy
518,ZTF19acatwoc
519,ZTF18aaudhst
520,ZTF18abzjajm
521,ZTF20aarbimk
522,ZTF19aalcynd
523,ZTF18abjbegu
524,ZTF18aatjhup
525,ZTF18abslbyb
526,ZTF19aapadpw
527,ZTF19aaqtcmy
528,ZTF19abiwkrj
529,ZTF19abafrvy
530,ZTF19abopops
531,ZTF18adbbozy
532,ZTF20aacnitl
533,ZTF18aceawio
534,ZTF18abfcnbe
535,ZTF18acldroa
536,ZTF18aaqdump
537,ZTF19aalgghb
538,ZTF18acebcuj
539,ZTF19aaikuuz
540,ZTF19abulzhy
541,ZTF19abcfcsh
542,ZTF18aavfrpk
543,ZTF18aasympo
544,ZTF19acspfcb
545,ZTF18aamnzid
546,ZTF19aaedzoh
547,ZTF18aaqjyon
548,ZTF19abtqsum
549,ZTF18abwrwig
550,ZTF19aczkgox
551,ZTF18absduqi
552,ZTF20aakdoqj
553,ZTF18acrnhcn
554,ZTF18abxuyde
555,ZTF18ablwovz
556,ZTF20aavppdz
557,ZTF19aalvgxo
558,ZTF18adfwpec
559,ZTF18achoord
560,ZTF18aaqndlj
561,ZTF20aanvliy
562,ZTF19acehuwy
563,ZTF19aaowmuz
564,ZTF18abmbiza
565,ZTF18abvmkfh
566,ZTF19aamklft
567,ZTF18aayniee
568,ZTF20aammbrw
569,ZTF19aaujlpo
570,ZTF18aaxzqog
571,ZTF20aaxncly
572,ZTF19aacjhta
573,ZTF18acwyzzl
574,ZTF19aajxwnz
575,ZTF19acukmmn
576,ZTF18abtmixs
577,ZTF19aalvjer
578,ZTF18abudtyr
579,ZTF20aapcuiw
580,ZTF19aawntyf
581,ZTF18abeirfl
582,ZTF18aawgsel
583,ZTF18aalrzft
584,ZTF18acalfiy
585,ZTF18aaydlje
586,ZTF20aahiytv
587,ZTF19acxyuza
588,ZTF18acewtnn
589,ZTF18aavscmw
590,ZTF20aaqujzw
591,ZTF19aayihwo
592,ZTF19aaapkbc
593,ZTF18aamurqd
594,ZTF20aavoluy
595,ZTF18acnbqro
596,ZTF18acszegu
597,ZTF20aayngca
598,ZTF19aaeipzj
599,ZTF19aasmpar
600,ZTF18acvhcyi
601,ZTF19aarxskf
602,ZTF18aczerpu
603,ZTF19aaafldf
604,ZTF19aagxfbk
605,ZTF18acbuibx
606,ZTF18adbnvei
607,ZTF19aagpbha
608,ZTF18acwynqc
609,ZTF18aaymwzk
610,ZTF18abtlxdk
611,ZTF18aazoqkt
612,ZTF18aakztwr
613,ZTF18abdirlc
614,ZTF20abeeyuu
615,ZTF19aalfali
616,ZTF19aacowgo
617,ZTF19abjpehh
618,ZTF19acbvick
619,ZTF19aaaqmvx
620,ZTF18aayigdr
621,ZTF20aaormnl
622,ZTF18aceisbc
623,ZTF20aaeiqrk
624,ZTF19aacsojb
625,ZTF18acfkghu
626,ZTF19aafnnev
627,ZTF18abkztag
628,ZTF19aanetch
629,ZTF19abqwvfl
630,ZTF19aaaqmjf
631,ZTF19aafwrhf
632,ZTF18abjmugu
633,ZTF19aarnmmo
634,ZTF18aavtgxs
635,ZTF18abfgrnw
636,ZTF18absbyio
637,ZTF19abxotku
638,ZTF19aazfsub
639,ZTF18abnufuv
640,ZTF18abuvtlx
641,ZTF20aavqrzc
642,ZTF18aadiimv
643,ZTF18abufgdj
644,ZTF18aakxwiz
645,ZTF20aagxwet
646,ZTF20aabpjrl
647,ZTF18acefkjz
648,ZTF19abcegvm
649,ZTF19aaqtrtz
650,ZTF18acrygry
651,ZTF19abgfblg
652,ZTF18acvgwsk
653,ZTF18aazbchg
654,ZTF18aamjezd
655,ZTF18aajluwj
656,ZTF19acbuzzd
657,ZTF18acbxutv
658,ZTF19aaapllo
659,ZTF18aakchfv
660,ZTF19aailvot
661,ZTF18abtomal
662,ZTF18aaccaxc
663,ZTF19aasdvmf
664,ZTF18aarsqmk
665,ZTF18acefilj
666,ZTF19abkhnlv
667,ZTF19aasckxn
668,ZTF18adarvpo
669,ZTF18aamicoo
670,ZTF20aadfyjl
671,ZTF19abdlqbu
672,ZTF19aabzvhp
673,ZTF19aavowpa
674,ZTF20aapcdxc
675,ZTF19abkcbri
676,ZTF19aaflnpe
677,ZTF18abugfbc
678,ZTF18aacsudg
679,ZTF19acaakoh
680,ZTF19aaejtue
681,ZTF18abuumyi
682,ZTF19aavvwab
683,ZTF19aaprhdy
684,ZTF19aaleqoa
685,ZTF19abqjypm
686,ZTF19aakvivn
687,ZTF19adcdxlv
688,ZTF19aavvnpx
689,ZTF19adcdjrj
690,ZTF19adawqog
691,ZTF18acbwomm
692,ZTF19acftclq
693,ZTF18abmorng
694,ZTF19aassrha
695,ZTF18aarueka
696,ZTF19abjtmiq
697,ZTF19aagfght
698,ZTF18abwskcn
699,ZTF19abjapre
700,ZTF20aaivvwa
701,ZTF18absyiaz
702,ZTF19acezayf
703,ZTF18abeelcs
704,ZTF18accdtch
705,ZTF19adbmcyb
706,ZTF20aampwce
707,ZTF18acrvgrx
708,ZTF18acsyzcd
709,ZTF20abascfx
710,ZTF18aamofne
711,ZTF19acaovus
712,ZTF20aadygkk
713,ZTF18abvmqur
714,ZTF20aabqiqd
715,ZTF18acegcca
716,ZTF19aavrnol
717,ZTF18acafgbb
718,ZTF18acyxmzb
719,ZTF19acoypiq
720,ZTF19acdufcg
721,ZTF18aczeodr
722,ZTF19accczyn
723,ZTF18abdhdzd
724,ZTF20aabqori
725,ZTF18aadzfso
726,ZTF18abwcgrm
727,ZTF19aahufts
728,ZTF18abtrgsu
729,ZTF19abdglkz
730,ZTF19aascurw
731,ZTF19aakyedn
732,ZTF19aaslnyb
733,ZTF20aajcekl
734,ZTF19aadfouk
735,ZTF19aaeyzof
736,ZTF19aappipe
737,ZTF18aaisuxd
738,ZTF19aaeglgp
739,ZTF18accpjff
740,ZTF18aauimfm
741,ZTF18aaxqusk
742,ZTF19abiltsu
743,ZTF18aaejwnc
744,ZTF18aaqkcso
745,ZTF19aasbtrz
746,ZTF19abfuckh
747,ZTF18abhbcme
748,ZTF19aaxbsav
749,ZTF19aascebl
750,ZTF19abidfsb
751,ZTF19aaqfeqt
752,ZTF19aaphiiu
753,ZTF18acwydmg
754,ZTF18abodmqn
755,ZTF19abpnisc
756,ZTF18acegcvd
757,ZTF18abvhrcd
758,ZTF18aajpluq
759,ZTF19acdktvk
760,ZTF18abtvinn
761,ZTF18aaxpzfq
762,ZTF18aakkukx
763,ZTF20aadbosk
764,ZTF18aavoyoq
765,ZTF18aahbxie
766,ZTF17aabhmjz
767,ZTF18aahpbal
768,ZTF19accsogt
769,ZTF19aaxkohf
770,ZTF20aavyiyb
771,ZTF19aasqjez
772,ZTF19aauezmk
773,ZTF18aatnuln
774,ZTF19acgzqbw
775,ZTF18acetttf
776,ZTF18acdvzml
777,ZTF18acqywlx
778,ZTF19acjhzud
779,ZTF20aalsbul
780,ZTF18abuvuhb
781,ZTF19aculczm
782,ZTF18abxigai
783,ZTF19aazecfz
784,ZTF18absnesa
785,ZTF19aaapgsy
786,ZTF18abvgdbt
787,ZTF18acdatjf
788,ZTF18acyendr
789,ZTF19abuhqaj
790,ZTF19aangqeq
791,ZTF18acwxwls
792,ZTF18acbwgmi
793,ZTF19abcemxd
794,ZTF18aahjbhp
795,ZTF19ablzgia
796,ZTF19aadfxkv
797,ZTF19aapswkx
798,ZTF18acuqyyn
799,ZTF18acqzcuh
800,ZTF18aachojf
801,ZTF19aapujvc
802,ZTF18aahjgwt
803,ZTF19acxniuc
804,ZTF18aascziw
805,ZTF18acdwazb
806,ZTF20aagmzdq
807,ZTF20aacxnkh
808,ZTF18aarrzce
809,ZTF19aadelcp
810,ZTF18aaklpdo
811,ZTF19abzquln
812,ZTF18acvcadu
813,ZTF19acoljif
814,ZTF20aacxjcw
815,ZTF18aailwqs
816,ZTF18aawnrne
817,ZTF19aaaqfxr
818,ZTF18aawqijv
819,ZTF19acefxbv
820,ZTF19abymuxu
821,ZTF18aaqkjuw
822,ZTF19aabkfcq
823,ZTF19abddqnb
824,ZTF19aavxisb
825,ZTF18aawbcus
826,ZTF19aanjurm
827,ZTF18accvkrz
828,ZTF20aalcyih
829,ZTF18adbwnfs
830,ZTF19abpgsxi
831,ZTF18acbxrqg
832,ZTF19aawfxbe
833,ZTF19aalaxhn
834,ZTF19abnsdec
835,ZTF19aavxpbx
836,ZTF18acytxmx
837,ZTF19abatwqd
838,ZTF19aayjdys
839,ZTF20aaqpvkh
840,ZTF18aavrnxb
841,ZTF18abvrgjc
842,ZTF19aawksuy
843,ZTF19abegslv
844,ZTF18aaujlmk
845,ZTF18aawfxuz
846,ZTF18adbmbmt
847,ZTF20aafuaej
848,ZTF19aayvpbf
849,ZTF18achcfxa
850,ZTF18absopva
851,ZTF18aazznid
852,ZTF19aalazqq
853,ZTF19aarohku
854,ZTF19aaycfjj
855,ZTF18abhxidx
856,ZTF18abtlfxw
857,ZTF19aaapbzr
858,ZTF19aabkbyc
859,ZTF19aakqhzq
860,ZTF18abfzylf
861,ZTF20aavfofx
862,ZTF18aawtpea
863,ZTF19abjmnlw
864,ZTF19aavoudg
865,ZTF19aamhnka
866,ZTF18acatizc
867,ZTF18abvudkq
868,ZTF19abyycdt
869,ZTF18acppvsf
870,ZTF18achdhpm
871,ZTF19acleuch
872,ZTF19abttsqz
873,ZTF20aaayurh
874,ZTF18abhhjyd
875,ZTF19aaoyddu
876,ZTF20aasapko
877,ZTF18abvnsmh
878,ZTF18aaxrzci
879,ZTF18aaxwrji
880,ZTF19aaftwuv
881,ZTF19aahvneb
882,ZTF19abquwvx
883,ZTF18abhrytw
884,ZTF18aceieqn
885,ZTF19acymakh
886,ZTF20aaayvho
887,ZTF18abgucur
888,ZTF19aaeopbq
889,ZTF19aaypwzs
890,ZTF18abddufz
891,ZTF18aboztku
892,ZTF19aavqotz
893,ZTF19aceyvee
894,ZTF18aalrqbo
895,ZTF18acvgnil
896,ZTF19acxpyya
897,ZTF19aaxvqpg
898,ZTF18aabkubl
899,ZTF18abmenfr
900,ZTF19abanhsd
901,ZTF19abzjwvr
902,ZTF19abavlvh
903,ZTF18accnkcw
904,ZTF18aampiwv
905,ZTF18acsomvp
906,ZTF18aatbopc
907,ZTF18aceenwj
908,ZTF18acrdigq
909,ZTF18abdiiuk
910,ZTF18aaoinug
911,ZTF19ablrjqp
912,ZTF19abeywhq
913,ZTF18aalyvdn
914,ZTF19aaftygi
915,ZTF20aafcmfi
916,ZTF18adbabqs
917,ZTF19aawlgne
918,ZTF19actsuzv
919,ZTF18acppzle
920,ZTF18aaakist
921,ZTF19aapaggc
922,ZTF18aahxfza
923,ZTF19aautrth
924,ZTF19abjqmml
925,ZTF19abiscga
926,ZTF19aasejuy
927,ZTF18adbgpwo
928,ZTF18aawwauk
929,ZTF20aanrvbn
930,ZTF19abjgauy
931,ZTF19aalexpr
932,ZTF18aarqjzf
933,ZTF19aaxwbxh
934,ZTF18abzuvdc
935,ZTF18abqjbwk
936,ZTF18aapcyyb
937,ZTF20aadsvrm
938,ZTF19abehnfs
939,ZTF18abixrei
940,ZTF18aamjqes
941,ZTF18abmouuu
942,ZTF18aaxsktw
943,ZTF18abuvrhf
944,ZTF18aarbhyh
945,ZTF19abiopky
946,ZTF18acpmfxo
947,ZTF18aawwrho
948,ZTF19acakhfa
949,ZTF20aamoeum
950,ZTF19abuyrfy
951,ZTF18abtjmzt
952,ZTF18aarybyq
953,ZTF19abjsfnx
954,ZTF19aaobxug
955,ZTF19aarisym
956,ZTF19aaingkb
957,ZTF18aceifit
958,ZTF19aasnkgm
959,ZTF19aadrtzu
960,ZTF19aaaggsx
961,ZTF19aaagnkr
962,ZTF18aculisp
963,ZTF18aawrbuc
964,ZTF18aaxvmmu
965,ZTF18acugigi
966,ZTF18aceiqkw
967,ZTF19accryek
968,ZTF18aabylyy
969,ZTF18abobkii
970,ZTF19acbszwp
971,ZTF20aalguso
972,ZTF18accjwuu
973,ZTF18acbznkf
974,ZTF19aaecpju
975,ZTF19aapbjvb
976,ZTF19acpodcv
977,ZTF18abwlvna
978,ZTF19aasfagu
979,ZTF18abgpzri
980,ZTF18abeysga
981,ZTF18adaowwq
982,ZTF19abfivlq
983,ZTF18aadmssd
984,ZTF18aayymcb
985,ZTF18abxjani
986,ZTF19abewcfn
987,ZTF20aafdtdb
988,ZTF19abafils
989,ZTF19aaiqevo
990,ZTF18abudwyg
991,ZTF18acajwep
992,ZTF19abrltie
993,ZTF20aadxsro
994,ZTF19abbybks
995,ZTF18absjcje
996,ZTF18aakkdpn
997,ZTF19acbmotn
998,ZTF20aabhraq
999,ZTF18abwkczr
1000,ZTF19aaneugz
1001,ZTF18aclsfyd
1002,ZTF18abmiqrk
1003,ZTF19aalbsvu
1004,ZTF19abpguth
1005,ZTF19aaktqbv
1006,ZTF20aaglfpy
1007,ZTF19aaueiob
1008,ZTF18aasehvh
1009,ZTF18abszhdv
1010,ZTF19acbzdvp
1011,ZTF20aausbfk
1012,ZTF18acwzepf
1013,ZTF19abceftq
1014,ZTF19aalbyfu
1015,ZTF19aaahjhy
1016,ZTF19abucqax
1017,ZTF19aavhyzx
1018,ZTF18acaozst
1019,ZTF18abuurjp
1020,ZTF18acamyzd
1021,ZTF20aanvtgg
1022,ZTF20aavoicd
1023,ZTF18aabukgo
1024,ZTF19aadoevn
1025,ZTF19aavnkmr
1026,ZTF19abqkpoi
1027,ZTF18aajntep
1028,ZTF19adcemvj
1029,ZTF19aaqaale
1030,ZTF19abqheoq
1031,ZTF19aarxlgp
1032,ZTF18acvwdfc
1033,ZTF18abvvoai
1034,ZTF18acnphlm
1035,ZTF18abhxpkx
1036,ZTF19aarrrup
1037,ZTF18aakpigz
1038,ZTF18aceyxwd
1039,ZTF18accjecm
1040,ZTF18aaakpsa
1041,ZTF18acuring
1042,ZTF19aarioci
1043,ZTF18accnlln
1044,ZTF20aayihld
1045,ZTF18abtdvrm
1046,ZTF18aaznjgn
1047,ZTF18abeqxdx
1048,ZTF18aaqqojm
1049,ZTF19aaqerqp
1050,ZTF18aabaggk
1051,ZTF18abdiasx
1052,ZTF18aaklnox
1053,ZTF18abufilg
1054,ZTF18abuwyoj
1055,ZTF18aceyulw
1056,ZTF18abdlaxa
1057,ZTF20aadcdhh
1058,ZTF20aamtzzr
1059,ZTF19aalzczk
1060,ZTF19abcejoa
1061,ZTF19abbnjiz
1062,ZTF18abdkhsc
1063,ZTF18aaupbla
1064,ZTF19aayiifx
1065,ZTF19abloxoq
1066,ZTF18acmzpbf
1067,ZTF19aagnsfn
1068,ZTF18acmxowe
1069,ZTF20aazjowv
1070,ZTF18abtphnh
1071,ZTF18aaoxxve
1072,ZTF18abszfur
1073,ZTF18accvfbv
1074,ZTF18abvzmll
1075,ZTF19ablwkev
1076,ZTF18absmgua
1077,ZTF20aagmxmv
1078,ZTF19aceuacu
1079,ZTF18aacfonx
1080,ZTF20aampowa
1081,ZTF19aavnxfh
1082,ZTF19ackjsyv
1083,ZTF19ackqrjw
1084,ZTF18aacohph
1085,ZTF19aapwlpo
1086,ZTF18acnbgux
1087,ZTF18absaljn
1088,ZTF18aaacsup
1089,ZTF19aarhpgn
1090,ZTF19aaapoxs
1091,ZTF19aaacdto
1092,ZTF18abufbsq
1093,ZTF18aaolhsy
1094,ZTF19acnhadk
1095,ZTF19aamrbnl
1096,ZTF19abtvrvt
1097,ZTF18abffkml
1098,ZTF19aauwsev
1099,ZTF18abuvwgk
1100,ZTF18aauvbiy
1101,ZTF19aatllxr
1102,ZTF19aaaerqj
1103,ZTF18abgxjie
1104,ZTF19aaezqhg
1105,ZTF19aafyhnt
1106,ZTF20aafkjqu
1107,ZTF19aacipfs
1108,ZTF19aaeiyay
1109,ZTF19aasdbai
1110,ZTF18acvsbiq
1111,ZTF18ablocxv
1112,ZTF19acdskkz
1113,ZTF19abkgcfp
1114,ZTF18abtrvok
1115,ZTF19acxgwvo
1116,ZTF19abnibdm
1117,ZTF19abletne
1118,ZTF18acvgwug
1119,ZTF19aasbgcx
1120,ZTF19aazlrsy
1121,ZTF19adcgdtl
1122,ZTF20aaosbad
1123,ZTF19aaolviw
1124,ZTF19abgpjed
1125,ZTF19abiptrq
1126,ZTF18aaedxcw
1127,ZTF19aanydik
1128,ZTF18aceyzsc
1129,ZTF19aanxfal
1130,ZTF19acdcjsg
1131,ZTF19abflzva
1132,ZTF20aamivtc
1133,ZTF19abamwce
1134,ZTF18abumhmx
1135,ZTF18absyioa
1136,ZTF19abzrsui
1137,ZTF18abnvklh
1138,ZTF19aburnjy
1139,ZTF19acigkma
1140,ZTF20aagzqsb
1141,ZTF19aaptsxk
1142,ZTF18acszhbv
1143,ZTF18aamnrtk
1144,ZTF18adbyztz
1145,ZTF19acbzihg
1146,ZTF19abywyyz
1147,ZTF18abgddbj
1148,ZTF19acglhxl
1149,ZTF18abkijya
1150,ZTF19aawonnx
1151,ZTF19aaaplhe
1152,ZTF18acxzvfn
1153,ZTF19aawgczv
1154,ZTF19adcfuru
1155,ZTF18absqpag
1156,ZTF18acpvfzs
1157,ZTF19aalbpox
1158,ZTF18acdzeax
1159,ZTF19acrhuiy
1160,ZTF20aawjbsf
1161,ZTF19abjooah
1162,ZTF18aaxmawb
1163,ZTF18aauczjp
1164,ZTF19aasewpj
1165,ZTF19aaaplnk
1166,ZTF19abcudso
1167,ZTF19abmpqzu
1168,ZTF19acbmocg
1169,ZTF18aazbzbx
1170,ZTF19aangrwr
1171,ZTF19abxhtzs
1172,ZTF18abgydof
1173,ZTF19aawsbjg
1174,ZTF17aabxonw
1175,ZTF19abiztxt
1176,ZTF18aagteoy
1177,ZTF18acvvroz
1178,ZTF18aajarnz
1179,ZTF20aaxukga
1180,ZTF20aahhzxr
1181,ZTF18acmzgxy
1182,ZTF19acktygb
1183,ZTF19abfzwpe
1184,ZTF18aaqtrlc
1185,ZTF19aacjaus
1186,ZTF18acuepcb
1187,ZTF19acaiogf
1188,ZTF18abnusld
1189,ZTF19abloyfx
1190,ZTF19aazpzuh
1191,ZTF18acvlprq
1192,ZTF19abfwfiq
1193,ZTF19adajvty
1194,ZTF19aanvcmw
1195,ZTF18aakkwch
1196,ZTF18abtuoue
1197,ZTF18ablvjom
1198,ZTF19aakswrb
1199,ZTF18aamhgww
1200,ZTF19abdjynk
1201,ZTF19aaoqedv
1202,ZTF19aafmwcu
1203,ZTF20aasjjln
1204,ZTF19abjgdxx
1205,ZTF18acnolyc
1206,ZTF19aafoijk
1207,ZTF20aatpxda
1208,ZTF18accnmsy
1209,ZTF18abklaos
1210,ZTF19abizoag
1211,ZTF18abpudlt
1212,ZTF18aaqlyqs
1213,ZTF18aamvzjw
1214,ZTF19aaaiszg
1215,ZTF19aahsnou
1216,ZTF19acifsvg
1217,ZTF19abezdal
1218,ZTF18aaogimr
1219,ZTF18abtzyzf
1220,ZTF19aawsrra
1221,ZTF19adcdmdx
1222,ZTF18aahsxrw
1223,ZTF18adbntlu
1224,ZTF18abdggaw
1225,ZTF18accdlac
1226,ZTF18aajswer
1227,ZTF18accddzq
1228,ZTF18aceigby
1229,ZTF20aaobybk
1230,ZTF19aascsju
1231,ZTF19aasezbb
1232,ZTF18acdygss
1233,ZTF18aazgwpo
1234,ZTF20aaigcqa
1235,ZTF18aacdezf
1236,ZTF18abwgaek
1237,ZTF19abihkto
1238,ZTF18abcgjpn
1239,ZTF18aaheoeo
1240,ZTF20aaovonz
1241,ZTF20abgbdpr
1242,ZTF18abtyrly
1243,ZTF18abnyyyh
1244,ZTF18aaiwsqa
1245,ZTF19abgfnmt
1246,ZTF19abujacy
1247,ZTF19acvrkqc
1248,ZTF19aaweyrl
1249,ZTF19abfvhlx
1250,ZTF18acwyphb
1251,ZTF19aaxrpiv
1252,ZTF19aavzdlv
1253,ZTF19aanesnf
1254,ZTF18aaqkopk
1255,ZTF18acckuta
1256,ZTF18abvtyhb
1257,ZTF18aagstka
1258,ZTF18aadqsfc
1259,ZTF18acszbbf
1260,ZTF18abzyymx
1261,ZTF20aadvlaj
1262,ZTF19aakiygr
1263,ZTF19aauojep
1264,ZTF20aaqepvb
1265,ZTF19aawfdpm
1266,ZTF19aaaflxk
1267,ZTF19aaiqmgl
1268,ZTF19ablqtje
1269,ZTF19aawscqr
1270,ZTF18acsvnxi
1271,ZTF19aalxwpo
1272,ZTF18acbwuka
1273,ZTF18aailsok
1274,ZTF20aavvolc
1275,ZTF19abcomyo
1276,ZTF18abtswll
1277,ZTF18aauudwo
1278,ZTF18abmqwgr
1279,ZTF18acaohsz
1280,ZTF19aarovew
1281,ZTF20aauyglo
1282,ZTF18adbkgvf
1283,ZTF18acuaipt
1284,ZTF19aachzda
1285,ZTF18aceyzpi
1286,ZTF19aanevry
1287,ZTF18actaqdw
1288,ZTF18aaunxpc
1289,ZTF18abwxfau
1290,ZTF18acbwgdk
1291,ZTF19abahwkv
1292,ZTF19aadgbxq
1293,ZTF20aaaymqt
1294,ZTF18aaeisel
1295,ZTF18acejeow
1296,ZTF18aachdvr
1297,ZTF18aavrjbx
1298,ZTF18abodsjx
1299,ZTF19abisfwx
1300,ZTF19abxjpyv
1301,ZTF19abcncvf
1302,ZTF19abujhgm
1303,ZTF19aayvppc
1304,ZTF18abanftq
1305,ZTF19aanymmn
1306,ZTF18aaajraa
1307,ZTF18aceywpj
1308,ZTF19abtsset
1309,ZTF19aadgbni
1310,ZTF18abmjpsk
1311,ZTF18abuxcom
1312,ZTF18acdwbft
1313,ZTF18acxglqo
1314,ZTF18aairwaj
1315,ZTF19abxfunp
1316,ZTF20aaayqdz
1317,ZTF19accmboe
1318,ZTF18aayamyg
1319,ZTF19abjpqfg
1320,ZTF18acbvmxm
1321,ZTF19acdtohw
1322,ZTF19aapozah
1323,ZTF18abvenxw
1324,ZTF20aavdcxo
1325,ZTF19aarfreu
1326,ZTF20aamihbs
1327,ZTF18acwwljq
1328,ZTF19aawfvxi
1329,ZTF18abmiwer
1330,ZTF18acvqsht
1331,ZTF18acsvygt
1332,ZTF18aceifag
1333,ZTF18acpvyky
1334,ZTF18aaskkau
1335,ZTF18abnbywt
1336,ZTF18acbxhua
1337,ZTF19aavlnik
1338,ZTF18abuyoqf
1339,ZTF18aapaypk
1340,ZTF20aaorllg
1341,ZTF19abyjivf
1342,ZTF18abeitqw
1343,ZTF19abubwvo
1344,ZTF18aarkdyf
1345,ZTF19ablovot
1346,ZTF19aaoyjsq
1347,ZTF18accsane
1348,ZTF18acxzvfh
1349,ZTF19aasmmki
1350,ZTF18aaermez
1351,ZTF18aazcuno
1352,ZTF18abjyjik
1353,ZTF19aarepdu
1354,ZTF18abvziwo
1355,ZTF19abrizkb
1356,ZTF19abxvmid
1357,ZTF19abjacmc
1358,ZTF20aadxfay
1359,ZTF18abyfvfr
1360,ZTF19aaijnba
1361,ZTF18abdmglm
1362,ZTF18aahjdqr
1363,ZTF18aaugome
1364,ZTF19aayvxgy
1365,ZTF18aakaxav
1366,ZTF20aanvlil
1367,ZTF19aavqqkh
1368,ZTF18acgipnc
1369,ZTF19abbynhy
1370,ZTF18aaxzqhz
1371,ZTF18aayapdq
1372,ZTF18ablqrjr
1373,ZTF18acppctj
1374,ZTF19aanszjj
1375,ZTF18acwzaev
1376,ZTF19abnnqlx
1377,ZTF19aaxdlic
1378,ZTF18abcefug
1379,ZTF18acrulnx
1380,ZTF18abhxidv
1381,ZTF19aaxdafs
1382,ZTF18abetewu
1383,ZTF18absmesl
1384,ZTF18aamcwcc
1385,ZTF19aalnmvb
1386,ZTF18aaznkeg
1387,ZTF18abusfyh
1388,ZTF19aahvvtu
1389,ZTF19aazejcw
1390,ZTF18aampelh
1391,ZTF19aafllxs
1392,ZTF18aavrmoc
1393,ZTF18abkxpya
1394,ZTF18accnpwb
1395,ZTF19aaufakp
1396,ZTF18abttaxw
1397,ZTF19abiwhxh
1398,ZTF19aanhosb
1399,ZTF18adfakac
1400,ZTF19aaoxheu
1401,ZTF18abvefxs
1402,ZTF19aaapjsc
1403,ZTF19abajmut
1404,ZTF18aawlhkh
1405,ZTF19abvgxrq
1406,ZTF19abewfuj
1407,ZTF18acppwaf
1408,ZTF19abtuicl
1409,ZTF19abetrpd
1410,ZTF18abihjwv
1411,ZTF20aadceiz
1412,ZTF18abvbccg
1413,ZTF19abkdlkl
1414,ZTF18acusehv
1415,ZTF18abktyzd
1416,ZTF20aarubcn
1417,ZTF18adalzgx
1418,ZTF19abffmew
1419,ZTF19aatvyac
1420,ZTF18aaqgbag
1421,ZTF18aafpuxr
1422,ZTF19aarmtaj
1423,ZTF18acefilu
1424,ZTF18aaibiuc
1425,ZTF18adaliyg
1426,ZTF19aaikxbr
1427,ZTF19aaclgvu
1428,ZTF18ablqhbt
1429,ZTF19aasrbuc
1430,ZTF19aasfubg
1431,ZTF19acyjysg
1432,ZTF18abxqnxa
1433,ZTF18acidbkj
1434,ZTF20abfcpkj
1435,ZTF18abnbjee
1436,ZTF18aaodmyg
1437,ZTF19acttwqi
1438,ZTF18aatucth
1439,ZTF18adbifqw
1440,ZTF19abfzcsq
1441,ZTF18abbpatw
1442,ZTF18aauhytx
1443,ZTF17aaburzk
1444,ZTF18aajkgtr
1445,ZTF18abvtyhd
1446,ZTF18accdlmk
1447,ZTF18abthzpx
1448,ZTF18aairvct
1449,ZTF19aaputrv
1450,ZTF18abybsgd
1451,ZTF19aarnsws
1452,ZTF19acuclqn
1453,ZTF19abyjgal
1454,ZTF18actajvd
1455,ZTF19aaafoil
1456,ZTF19aapwoid
1457,ZTF19aajwvar
1458,ZTF18abiitmq
1459,ZTF20aamihhs
1460,ZTF19aalahvh
1461,ZTF18ablmmef
1462,ZTF19acvgjme
1463,ZTF19acszojn
1464,ZTF18abilnbq
1465,ZTF19aasensj
1466,ZTF18aamsvwa
1467,ZTF18abjhbss
1468,ZTF18acqsqjz
1469,ZTF19aaudarv
1470,ZTF19abwdqdd
1471,ZTF18aaofsmp
1472,ZTF20aamxmrn
1473,ZTF19acbigok
1474,ZTF19aahdrsa
1475,ZTF18aaicadn
1476,ZTF18aclmlqy
1477,ZTF19aadfplt
1478,ZTF18aaudhve
1479,ZTF18adbgswg
1480,ZTF18aaylato
1481,ZTF18abvskoa
1482,ZTF18ablrljh
1483,ZTF18abbukfd
1484,ZTF18abtrowl
1485,ZTF18aczumxe
1486,ZTF19aaafofh
1487,ZTF19aasboqw
1488,ZTF19acazkia
1489,ZTF18aaykmko
1490,ZTF18absoqfm
1491,ZTF18aaszaxb
1492,ZTF18absmbyh
1493,ZTF18acrxpwx
1494,ZTF18adbcktb
1495,ZTF18abgxdxg
1496,ZTF19adccnyc
1497,ZTF18aaxrqzn
1498,ZTF19adcfuqy
1499,ZTF18aahzlmj
1500,ZTF18acbvmjq
1501,ZTF18abdduxf
1502,ZTF18accjmpd
1503,ZTF19abqhglx
1504,ZTF18acemavj
1505,ZTF18aajyoth
1506,ZTF19abuvqhi
1507,ZTF18abguffg
1508,ZTF19aarsgzg
1509,ZTF18aawrzim
1510,ZTF19adcddzk
1511,ZTF19aarnent
1512,ZTF18abaubwv
1513,ZTF18aavxuqj
1514,ZTF18aakdfgo
1515,ZTF19aacqcrq
1516,ZTF19aamhbfp
1517,ZTF19aamvokk
1518,ZTF19adcbaly
1519,ZTF18abhxlrx
1520,ZTF19aahcvth
1521,ZTF18acxzvhj
1522,ZTF19acudhkn
1523,ZTF18abupjuc
1524,ZTF19abzsvqs
1525,ZTF19aatlauy
1526,ZTF19aaeoqkv
1527,ZTF19achtchx
1528,ZTF18abuvrnw
1529,ZTF18acynkoa
1530,ZTF18adcdcrd
1531,ZTF19abrozgp
1532,ZTF18acewuvd
1533,ZTF19aailflj
1534,ZTF18aazwugg
1535,ZTF19aatymbk
1536,ZTF20aakezxq
1537,ZTF18acsouqh
1538,ZTF18aaykjei
1539,ZTF19aaefsad
1540,ZTF19acymlwl
1541,ZTF20aalraxs
1542,ZTF19aacktop
1543,ZTF18ablqfhw
1544,ZTF19abceihx
1545,ZTF18abugfdc
1546,ZTF19acxytzf
1547,ZTF18acefnay
1548,ZTF18acezayo
1549,ZTF18abzaolo
1550,ZTF18acvjhht
1551,ZTF19acmycjt
1552,ZTF18aaviuqw
1553,ZTF17aacqfgu
1554,ZTF20aayclhg
1555,ZTF19acfcdxy
1556,ZTF18aahqsad
1557,ZTF18accboxe
1558,ZTF19abukbhq
1559,ZTF18adccxna
1560,ZTF18abtxtss
1561,ZTF18aaweuvi
1562,ZTF19abywtke
1563,ZTF18abdgwvs
1564,ZTF18aarbvac
1565,ZTF18abldizg
1566,ZTF18abuffsu
1567,ZTF18abxszan
1568,ZTF19abnmrqt
1569,ZTF19acznero
1570,ZTF18abvnfas
1571,ZTF19aarnesl
1572,ZTF19aavlvye
1573,ZTF18aawvzzw
1574,ZTF20aamqmfk
1575,ZTF19abuclhk
1576,ZTF19abmvfiz
1577,ZTF18aaqwetu
1578,ZTF19adcgahu
1579,ZTF20aaoteeg
1580,ZTF19acbvgdu
1581,ZTF18acuschq
1582,ZTF19abjpibj
1583,ZTF18aceolcv
1584,ZTF18abtphwe
1585,ZTF18aatxmrr
1586,ZTF18aamfwzf
1587,ZTF18aalgvco
1588,ZTF18acvgovu
1589,ZTF19aayqait
1590,ZTF19aakjdmy
1591,ZTF18aarrqrn
1592,ZTF18acnbexb
1593,ZTF19aakpfsi
1594,ZTF19abahizn
1595,ZTF19aapkrdy
1596,ZTF19aarkuch
1597,ZTF19abtssav
1598,ZTF19abjoyab
1599,ZTF19acuiboz
1600,ZTF19aawnpvu
1601,ZTF17aacvxmo
1602,ZTF18abuanlw
1603,ZTF18aakexhm
1604,ZTF19aauenkb
1605,ZTF18aaqdmih
1606,ZTF20aamrnaf
1607,ZTF18aavohdq
1608,ZTF18abtvspx
1609,ZTF19aailrvs
1610,ZTF20aagvgbv
1611,ZTF18aaizioy
1612,ZTF18aaedxmb
1613,ZTF18acebfny
1614,ZTF18acbwbbs
1615,ZTF19abajnvi
1616,ZTF19acahjmg
1617,ZTF18aaisuhc
1618,ZTF19aatghlv
1619,ZTF18abgqbsh
1620,ZTF18abmwxvv
1621,ZTF18abxrdgn
1622,ZTF18aaexyql
1623,ZTF18aaedeqk
1624,ZTF18accnoff
1625,ZTF19aacqqwb
1626,ZTF18aaxvlgp
1627,ZTF19abilkhn
1628,ZTF18abnchro
1629,ZTF19aalzlnf
1630,ZTF19abcejfe
1631,ZTF19aatvmml
1632,ZTF18acvgogz
1633,ZTF20aadxcne
1634,ZTF19aboumcn
1635,ZTF18acvwlfx
1636,ZTF20aayicdu
1637,ZTF19abeifmy
1638,ZTF18aaemiwe
1639,ZTF19ackikuz
1640,ZTF18aawputa
1641,ZTF18abgqaoa
1642,ZTF18acbvgdk
1643,ZTF18abjndpj
1644,ZTF19abdlffo
1645,ZTF18aaumvoh
1646,ZTF18abwnmnc
1647,ZTF18acueykv
1648,ZTF19aaapbml
1649,ZTF19aaebqqh
1650,ZTF18aarnpwk
1651,ZTF19aadwcwz
1652,ZTF18aacsdcp
1653,ZTF18abfnanp
1654,ZTF19aavwdwy
1655,ZTF18abjjkeo
1656,ZTF18abvmpjc
1657,ZTF18aafcpdd
1658,ZTF18aawuzxa
1659,ZTF18adbbrgr
1660,ZTF19acbvtcx
1661,ZTF19aatvmeq
1662,ZTF19aarrufq
1663,ZTF19aaapdmz
1664,ZTF18abnbmkk
1665,ZTF19abymugv
1666,ZTF18aarmerf
1667,ZTF18abhappd
1668,ZTF18aarbldt
1669,ZTF19abhdxcs
1670,ZTF19abcfcrs
1671,ZTF18aacckko
1672,ZTF19abhxiuo
1673,ZTF18aavtiza
1674,ZTF18aauijgi
1675,ZTF19aaacfrj
1676,ZTF18acpotnt
1677,ZTF19aapehvs
1678,ZTF18aanblbx
1679,ZTF18aasgsbp
1680,ZTF18abskwls
1681,ZTF20aaezfjd
1682,ZTF19aaapipg
1683,ZTF19abmprlr
1684,ZTF19abjaqno
1685,ZTF18abvnqzb
1686,ZTF18acslgsa
1687,ZTF18adaoius
1688,ZTF18aasqlbt
1689,ZTF18accebly
1690,ZTF19aaqffad
1691,ZTF18aahfjdt
1692,ZTF18aaqnxng
1693,ZTF20aaurexl
1694,ZTF18abezbze
1695,ZTF20aanacok
1696,ZTF18abfcvfd
1697,ZTF18aakxbwn
1698,ZTF19acqzwlz
1699,ZTF18aatmssx
1700,ZTF18acsykeu
1701,ZTF18aacjava
1702,ZTF19aawgbth
1703,ZTF19acymuet
1704,ZTF18aaxrpnw
1705,ZTF19abcegtm
1706,ZTF18abwfdbb
1707,ZTF18acetttq
1708,ZTF18acakxsn
1709,ZTF18abfdjnw
1710,ZTF18abmnxcf
1711,ZTF18acppxdj
1712,ZTF19aayjien
1713,ZTF18aailsee
1714,ZTF18acvgnmy
1715,ZTF19abyjhsx
1716,ZTF19aaojamh
1717,ZTF19acjwsao
1718,ZTF18accdxzr
1719,ZTF18achqnxl
1720,ZTF19aawycxs
1721,ZTF19acbkmle
1722,ZTF19aalycap
1723,ZTF18abupzkr
1724,ZTF19abirkep
1725,ZTF18adbbuyd
1726,ZTF18acegjcq
1727,ZTF19aaekfdu
1728,ZTF19aauctnx
1729,ZTF18absmgtx
1730,ZTF19acbvnbe
1731,ZTF19aaynmzx
1732,ZTF18abgubkt
1733,ZTF18accnccu
1734,ZTF17aacqixx
1735,ZTF19aavzrvu
1736,ZTF19acvssjz
1737,ZTF18aauhcan
1738,ZTF20aacparm
1739,ZTF19achteya
1740,ZTF18aavtklk
1741,ZTF18aaxwqqn
1742,ZTF19aanwsuq
1743,ZTF20aadaofk
1744,ZTF18adazigr
1745,ZTF20aandtbb
1746,ZTF18acujzui
1747,ZTF18acpwhdb
1748,ZTF18aawxrqi
1749,ZTF20aausksv
1750,ZTF19abatbqh
1751,ZTF18acefvyb
1752,ZTF18acuefxg
1753,ZTF18abrytwr
1754,ZTF18abrzvaj
1755,ZTF18acbyxyb
1756,ZTF19aaleqcx
1757,ZTF18acbwwpm
1758,ZTF18aacrotu
1759,ZTF20aafquqw
1760,ZTF19aaongqq
1761,ZTF19aaeqkvz
1762,ZTF19abuonfl
1763,ZTF18aahyjxr
1764,ZTF19aadfdhw
1765,ZTF19acvrgcf
1766,ZTF18abzqpvo
1767,ZTF19aatrfqp
1768,ZTF17aaclsvt
1769,ZTF18aabeyio
1770,ZTF19abxvqia
1771,ZTF18absdfxs
1772,ZTF19abzmpvb
1773,ZTF20abchizd
1774,ZTF18aceypvy
1775,ZTF19aainiik
1776,ZTF18abvndcc
1777,ZTF18adanhnh
1778,ZTF19aanespk
1779,ZTF19aaogxbf
1780,ZTF19aaxcpbc
1781,ZTF19aaogtqk
1782,ZTF18abncrlw
1783,ZTF18aajqeve
1784,ZTF19abdjwtv
1785,ZTF18acdxeux
1786,ZTF18aazwtfj
1787,ZTF18abvhpiv
1788,ZTF18abstjft
1789,ZTF19adajvop
1790,ZTF19aawhnhj
1791,ZTF19aakybwv
1792,ZTF18acnneyu
1793,ZTF18abciugv
1794,ZTF20aahkkql
1795,ZTF18absqwmc
1796,ZTF18acquzqz
1797,ZTF19aavrvoe
1798,ZTF18acawoaf
1799,ZTF18aagmhov
1800,ZTF18aaiuynw
1801,ZTF18accjdgs
1802,ZTF18acefgee
1803,ZTF18ablzvih
1804,ZTF19abrbmwa
1805,ZTF18abujubn
1806,ZTF19acbmnsk
1807,ZTF19aaahtof
1808,ZTF19abezcns
1809,ZTF18abgcxjf
1810,ZTF18aazywwn
1811,ZTF19aaldcfm
1812,ZTF18acexzsc
1813,ZTF19accedxz
1814,ZTF18aavtfaw
1815,ZTF19acvrgjl
1816,ZTF19acxiuah
1817,ZTF18accvfbx
1818,ZTF18abvxoyo
1819,ZTF18aczdenj
1820,ZTF19aaoznau
1821,ZTF19aarisvo
1822,ZTF18abmnvkx
1823,ZTF19aalzjyy
1824,ZTF18abxjinz
1825,ZTF19adcecan
1826,ZTF19abdlbna
1827,ZTF18abxjajm
1828,ZTF19accshww
1829,ZTF20aapcmmg
1830,ZTF19aaahtsx
1831,ZTF18aahmhxu
1832,ZTF19abamkfs
1833,ZTF18acapabl
1834,ZTF19aaqyovr
1835,ZTF19abgpydp
1836,ZTF19acaozzf
1837,ZTF19aagvzpb
1838,ZTF18adbyzpv
1839,ZTF19aabbnzo
1840,ZTF19aapecfa
1841,ZTF18adaiunt
1842,ZTF18abcnonu
1843,ZTF18aahbiav
1844,ZTF18aczbwrf
1845,ZTF19abcuyqc
1846,ZTF18aamnrdd
1847,ZTF18aaiiigm
1848,ZTF18adbmkvr
1849,ZTF18abxxohm
1850,ZTF18aarpwag
1851,ZTF18accvgos
1852,ZTF20aahvocg
1853,ZTF18accvzvv
1854,ZTF19acbvbxb
1855,ZTF20aadchrp
1856,ZTF19aavrcql
1857,ZTF19acbtlag
1858,ZTF18ackawey
1859,ZTF19aaoyfop
1860,ZTF19aaktorq
1861,ZTF19acxgwid
1862,ZTF19aanhkjr
1863,ZTF18absldof
1864,ZTF20aaetsrw
1865,ZTF19abiweyr
1866,ZTF18aavnxmg
1867,ZTF18aahrzid
1868,ZTF18aasrwgz
1869,ZTF18aazgskd
1870,ZTF19abbtted
1871,ZTF18acybdar
1872,ZTF20aadvunl
1873,ZTF18abttovo
1874,ZTF18abxwkol
1875,ZTF19aaaggpt
1876,ZTF18acckrsc
1877,ZTF18acixtqt
1878,ZTF18aakkapa
1879,ZTF18acckgwz
1880,ZTF18abvtcpk
1881,ZTF18aagajuk
1882,ZTF18actadvo
1883,ZTF19abcszww
1884,ZTF18acabykw
1885,ZTF18accsehp
1886,ZTF18abnoseg
1887,ZTF18aauudlf
1888,ZTF19aasfglr
1889,ZTF18aahhvqh
1890,ZTF18abuxkrh
1891,ZTF19acjwcyx
1892,ZTF19acvrgcw
1893,ZTF19aalarng
1894,ZTF18aajsypz
1895,ZTF18abviadx
1896,ZTF18aaqcezl
1897,ZTF18aaqoukh
1898,ZTF19acdubom
1899,ZTF19aatnfyv
1900,ZTF18aaufprm
1901,ZTF19aazxlpw
1902,ZTF19aasazmy
1903,ZTF19accczdp
1904,ZTF18abmxdhb
1905,ZTF18acccjqy
1906,ZTF19aayruwd
1907,ZTF19ablpdid
1908,ZTF19aasczjm
1909,ZTF19abppocu
1910,ZTF19aamqzqz
1911,ZTF19aaobkzy
1912,ZTF18aaroxwp
1913,ZTF18abmnwvc
1914,ZTF19aaxbzza
1915,ZTF19aarizoc
1916,ZTF18actamec
1917,ZTF19aaohydq
1918,ZTF19abcbunp
1919,ZTF18abzwgau
1920,ZTF19aangwwl
1921,ZTF19abpfbpe
1922,ZTF18abmmuzk
1923,ZTF19aavxjcr
1924,ZTF18adbotsa
1925,ZTF18acvgnkf
1926,ZTF19aarinmw
1927,ZTF19aarmrfm
1928,ZTF19aaupryf
1929,ZTF18aaxqulh
1930,ZTF18aassvid
1931,ZTF19abiqmdc
1932,ZTF18abxmbjy
1933,ZTF18accvvjn
1934,ZTF18acepdxt
1935,ZTF18aaeqtis
1936,ZTF18abbpxja
1937,ZTF19aaiqmwc
1938,ZTF20aascxxk
1939,ZTF19abvgxsn
1940,ZTF18abmorvl
1941,ZTF20aaakibm
1942,ZTF19aaxdizp
1943,ZTF18abszugm
1944,ZTF19acciqeq
1945,ZTF18abtpiap
1946,ZTF18aaqfwpl
1947,ZTF19acdsqir
1948,ZTF19aascevi
1949,ZTF18aaxwntp
1950,ZTF18aaybrls
1951,ZTF18adaimlf
1952,ZTF18abxgzpr
1953,ZTF19abfiriq
1954,ZTF19abjpord
1955,ZTF18aaxsizg
1956,ZTF19abmrnpl
1957,ZTF19adcbzsl
1958,ZTF18abrfemc
1959,ZTF19acnfnjb
1960,ZTF18acppvni
1961,ZTF18acogczq
1962,ZTF19abegwqq
1963,ZTF20abdcowq
1964,ZTF19aawhdtn
1965,ZTF19aarilyj
1966,ZTF18acejbqt
1967,ZTF19accczao
1968,ZTF18acdwwlm
1969,ZTF18abamzru
1970,ZTF19abiauym
1971,ZTF18aajsbbe
1972,ZTF18aauosxv
1973,ZTF20aamaqmq
1974,ZTF19abcsyho
1975,ZTF18abbozfi
1976,ZTF18aakjmwk
1977,ZTF18abtizze
1978,ZTF20aaemupc
1979,ZTF19ablzfbh
1980,ZTF18aayhyqf
1981,ZTF18abtuobh
1982,ZTF19abuwsqz
1983,ZTF18abyfjcy
1984,ZTF18acwxxrm
1985,ZTF19abgvddy
1986,ZTF19aatvmid
1987,ZTF18abihisa
1988,ZTF20abfcqaz
1989,ZTF18aaoszhl
1990,ZTF19ablzwzm
1991,ZTF19acbkqdn
1992,ZTF19acstjum
1993,ZTF18aajnqqv
1994,ZTF19aakswwb
1995,ZTF18abcyjxp
1996,ZTF19aaikzzx
1997,ZTF18aabuoud
1998,ZTF18acapahf
1999,ZTF19aaelkpk
2000,ZTF18abnvsme
2001,ZTF19aavlayy
2002,ZTF19aaapeal
2003,ZTF18aauuhyo
2004,ZTF18acetvcf
2005,ZTF18aaqvuhl
2006,ZTF18aaseyca
2007,ZTF19abpangr
2008,ZTF18aaofdgl
2009,ZTF19adcbiqg
2010,ZTF18acuseom
2011,ZTF19acmbifa
2012,ZTF20aakzawf
2013,ZTF19adcfxxe
2014,ZTF19abafrpq
2015,ZTF18aahsemi
2016,ZTF20aaabtmz
2017,ZTF18abvjusq
2018,ZTF19aatmggn
2019,ZTF18aaylbyr
2020,ZTF20aajcenu
2021,ZTF18aarpgds
2022,ZTF18ablwujy
2023,ZTF18abwlfdw
2024,ZTF19aasewjo
2025,ZTF19abvphzd
2026,ZTF19abpnsbb
2027,ZTF18aauiowc
2028,ZTF20aafeias
2029,ZTF18absqgmb
2030,ZTF18abmkanf
2031,ZTF19abxnpjy
2032,ZTF18acbwgfc
2033,ZTF18acaozxv
2034,ZTF19aanikcm
2035,ZTF20abedxwc
2036,ZTF19aaiolkb
2037,ZTF18aakjfyk
2038,ZTF18abtxkaf
2039,ZTF19ablfbmu
2040,ZTF19aaaanri
2041,ZTF18abvgjvi
2042,ZTF19aapcpwl
2043,ZTF18aavsawu
2044,ZTF18abmnwhj
2045,ZTF18acryhdp
2046,ZTF19abctojl
2047,ZTF18accvmrq
2048,ZTF18aawonvg
2049,ZTF18aaygaoa
2050,ZTF18aavuknc
2051,ZTF19abxvzpb
2052,ZTF19aalbuyr
2053,ZTF19abqxkwy
2054,ZTF18absssay
2055,ZTF18abfcajo
2056,ZTF19acbvpca
2057,ZTF18aaaotwe
2058,ZTF19aaqesdr
2059,ZTF18adaovbj
2060,ZTF19abkfxfb
2061,ZTF20aatuqva
2062,ZTF20aaubpix
2063,ZTF18acnnojd
2064,ZTF18aboesgk
2065,ZTF18aaivyvb
2066,ZTF18abufmrb
2067,ZTF19abaqdsg
2068,ZTF18acwyxjn
2069,ZTF20aadzejg
2070,ZTF19aafcekg
2071,ZTF18aajqlkp
2072,ZTF19aaohvsr
2073,ZTF18aamuasc
2074,ZTF18aczawvm
2075,ZTF19abqgaht
2076,ZTF19aanwsez
2077,ZTF19aaloayl
2078,ZTF19aanwmkp
2079,ZTF18aaujwnu
2080,ZTF18aazgmaw
2081,ZTF18accnlml
2082,ZTF20aaqyvup
2083,ZTF19aaynmvm
2084,ZTF18aacdgfy
2085,ZTF19accczko
2086,ZTF18abhpdpk
2087,ZTF18acchjgw
2088,ZTF19aailczw
2089,ZTF18acspuml
2090,ZTF18aahmkac
2091,ZTF18aceyofh
2092,ZTF18aaqeloi
2093,ZTF18aboahvt
2094,ZTF19aapawxp
2095,ZTF19aaejtoy
2096,ZTF19aaycpfd
2097,ZTF18abslxpd
2098,ZTF18acetllh
2099,ZTF18aazwtkh
2100,ZTF18abuqqeg
2101,ZTF18abugthp
2102,ZTF18aanmwox
2103,ZTF20aagnepv
2104,ZTF19abcndvf
2105,ZTF18acvbigh
2106,ZTF19aascbcs
2107,ZTF19acqxkzn
2108,ZTF18aaylcgr
2109,ZTF18aarojqk
2110,ZTF19acajeyr
2111,ZTF19abixawb
2112,ZTF19abwsxug
2113,ZTF20aarwohb
2114,ZTF18aamndyk
2115,ZTF18acofwra
2116,ZTF19adbrhmf
2117,ZTF20aabiaxl
2118,ZTF19aarfrau
2119,ZTF18acuyibw
2120,ZTF18acvqkxx
2121,ZTF18acxbksk
2122,ZTF18aavskyg
2123,ZTF19aaseykj
2124,ZTF20aalqsue
2125,ZTF18acwyvak
2126,ZTF19abaynkc
2127,ZTF18aaxokeg
2128,ZTF19aawfzmh
2129,ZTF19aaojrim
2130,ZTF18acmznwo
2131,ZTF20aacexgb
2132,ZTF19aavssnw
2133,ZTF18acaqayo
2134,ZTF19aafltef
2135,ZTF19abisdgx
2136,ZTF19abqptyi
2137,ZTF19aanvcyp
2138,ZTF18adaljvg
2139,ZTF18abilvuu
2140,ZTF19aarqihw
2141,ZTF19abocgmy
2142,ZTF18aarltmo
2143,ZTF18acyxogs
2144,ZTF18abthusp
2145,ZTF19acgonwy
2146,ZTF20aajcezg
2147,ZTF18aaqtdea
2148,ZTF18abrzzyk
2149,ZTF19abahsjv
2150,ZTF19acjhtwv
2151,ZTF19aaczxhp
2152,ZTF17aabbxwa
2153,ZTF18acrtykk
2154,ZTF19acvrjuw
2155,ZTF19aarnriq
2156,ZTF18aaqgpsw
2157,ZTF18abwkafm
2158,ZTF19abjgcby
2159,ZTF20aaayuvw
2160,ZTF19aadokhj
2161,ZTF18acwvrvz
2162,ZTF18abuqjsp
2163,ZTF18abmonjd
2164,ZTF19aayrjmu
2165,ZTF19aadpidh
2166,ZTF18acsowfw
2167,ZTF18aarbepz
2168,ZTF19achapqp
2169,ZTF19aayfuac
2170,ZTF19abzrzbc
2171,ZTF18aczfcyc
2172,ZTF19acfvqet
2173,ZTF19acxysjp
2174,ZTF18aatowor
2175,ZTF18absoiky
2176,ZTF18abgqujw
2177,ZTF19aannzfb
2178,ZTF18abspxyd
2179,ZTF18acqolbp
2180,ZTF19abirsns
2181,ZTF20aadvptf
2182,ZTF19abfivuv
2183,ZTF18acvhkhl
2184,ZTF19abjarlo
2185,ZTF18acpcxna
2186,ZTF18abvdnfx
2187,ZTF19aceynku
2188,ZTF19aaguznh
2189,ZTF19aalzhnn
2190,ZTF18aawxnvf
2191,ZTF18abxbnvq
2192,ZTF20aauyhea
2193,ZTF19abvwdxm
2194,ZTF19acbvier
2195,ZTF18aarddpt
2196,ZTF19abxtslv
2197,ZTF19aaozzyj
2198,ZTF18abvfmif
2199,ZTF18acdxrnk
2200,ZTF18aceotqg
2201,ZTF18aaybuyx
2202,ZTF18aamitcb
2203,ZTF19aapfziq
2204,ZTF18acclbyp
2205,ZTF19aanhcyf
2206,ZTF19aafljiq
2207,ZTF19abhdzhk
2208,ZTF19aaqfrrl
2209,ZTF18aagrkrz
2210,ZTF18aavnewb
2211,ZTF18abnzwtd
2212,ZTF19aawsyhf
2213,ZTF19aanirdx
2214,ZTF18aakjhix
2215,ZTF18acnbbul
2216,ZTF19abylxyt
2217,ZTF19aaafoju
2218,ZTF18adbbhun
2219,ZTF18aadgbva
2220,ZTF19abauqes
2221,ZTF19acgjjpl
2222,ZTF19aavtdbd
2223,ZTF18acurjap
2224,ZTF20aadbsnc
2225,ZTF18aavcavq
2226,ZTF18adaldgc
2227,ZTF19abfzzxy
2228,ZTF18abwizer
2229,ZTF18aaeryml
2230,ZTF19abwsrmk
2231,ZTF19aaajcpz
2232,ZTF18abmdvcj
2233,ZTF18aaxzcvd
2234,ZTF19aanyjeb
2235,ZTF19aaczuff
2236,ZTF18abrzifr
2237,ZTF18aarnmzg
2238,ZTF18adamvzj
2239,ZTF18abkhcrj
2240,ZTF19aascmvv
2241,ZTF18acerdie
2242,ZTF18abanbry
2243,ZTF19aaflipm
2244,ZTF18achstoy
2245,ZTF17aaajnki
2246,ZTF19aacxgcp
2247,ZTF19abdktcl
2248,ZTF19aanertq
2249,ZTF18acdvqzz
2250,ZTF19aayconr
2251,ZTF19aavjlle
2252,ZTF20aadszkl
2253,ZTF18adbilsx
2254,ZTF17aabhjci
2255,ZTF18accdimh
2256,ZTF19aaczalo
2257,ZTF18aaxxpbg
2258,ZTF18acmypei
2259,ZTF19abanbef
2260,ZTF19aakjfcm
2261,ZTF18abrzuwi
2262,ZTF18abvpoaq
2263,ZTF18acrvldh
2264,ZTF18aahxwwm
2265,ZTF18aaybkrg
2266,ZTF19aaakflk
2267,ZTF18abvgjos
2268,ZTF19acbmbzm
2269,ZTF19acbmhlc
2270,ZTF19abzzgvf
2271,ZTF18ablsypo
2272,ZTF18acbvkwl
2273,ZTF19acccetx
2274,ZTF19aaejugo
2275,ZTF18abedjqb
2276,ZTF19aatylnl
2277,ZTF18adcbgey
2278,ZTF19aayulqg
2279,ZTF18aahujbh
2280,ZTF18abdgzzr
2281,ZTF19acnplmb
2282,ZTF18aazxwty
2283,ZTF19abjioie
2284,ZTF19aakiwze
2285,ZTF19aarhrxs
2286,ZTF19abbwpke
2287,ZTF18aawnoaz
2288,ZTF19aaileyr
2289,ZTF19aadghcj
2290,ZTF19aacwpgo
2291,ZTF19abjarys
2292,ZTF18acwyysn
2293,ZTF18aavswss
2294,ZTF19aaapwgu
2295,ZTF19ablerqz
2296,ZTF19abkysww
2297,ZTF20aahgbes
2298,ZTF19acauabv
2299,ZTF19aaokkkk
2300,ZTF18aaqkkby
2301,ZTF18acnbnfx
2302,ZTF19aagzanb
2303,ZTF18abvrsky
2304,ZTF19acacdvj
2305,ZTF18abtvqde
2306,ZTF19aaumcyh
2307,ZTF20abefdew
2308,ZTF18abgubgi
2309,ZTF19aagjyjm
2310,ZTF18acdvony
2311,ZTF18aanndgc
2312,ZTF19aadggaf
2313,ZTF18aceefae
2314,ZTF18acryijh
2315,ZTF19aapnpun
2316,ZTF19aaekusb
2317,ZTF18abjtjvb
2318,ZTF19abqmxyr
2319,ZTF18aaubaen
2320,ZTF18abwipvp
2321,ZTF19acdtzms
2322,ZTF18acbwbab
2323,ZTF19abukipe
2324,ZTF18abrwsvw
2325,ZTF20aayckzu
2326,ZTF18aamdcma
2327,ZTF19abcucqz
2328,ZTF18aarzmbq
2329,ZTF20aawbyds
2330,ZTF18acegspe
2331,ZTF18abbmenz
2332,ZTF20aapqimh
2333,ZTF19abhejal
2334,ZTF18aceykyg
2335,ZTF18abqycua
2336,ZTF18aalrsvm
2337,ZTF19aalcuej
2338,ZTF18abvebli
2339,ZTF19acgfbph
2340,ZTF19abcmixj
2341,ZTF18acdvqhn
2342,ZTF19aatyheh
2343,ZTF19aavhblr
2344,ZTF19aaahfhs
2345,ZTF19accwylz
2346,ZTF19acfslsb
2347,ZTF19aapgdgl
2348,ZTF19acenjem
2349,ZTF17aachnrk
2350,ZTF18accdmzk
2351,ZTF18aatcbcv
2352,ZTF18acplben
2353,ZTF19aasdxss
2354,ZTF18abrwwjk
2355,ZTF19aasejul
2356,ZTF19abavbpa
2357,ZTF18aaqceqh
2358,ZTF18abmodtn
2359,ZTF18acvgnqt
2360,ZTF18aboivjs
2361,ZTF18aarmpmz
2362,ZTF19abtsdxi
2363,ZTF19aamouwq
2364,ZTF18abtnfvm
2365,ZTF19abizruw
2366,ZTF18abakyvt
2367,ZTF18aaifxvz
2368,ZTF19aarvlbl
2369,ZTF18abmmcua
2370,ZTF19aaqrnrz
2371,ZTF19abiofob
2372,ZTF19abjpkyb
2373,ZTF19aaaeyfm
2374,ZTF18ablsfno
2375,ZTF18abeeaht
2376,ZTF20aanagct
2377,ZTF18abztovy
2378,ZTF18aaabltn
2379,ZTF18aceoqlg
2380,ZTF18abglwpn
2381,ZTF18aaxrkqy
2382,ZTF20aajcfmq
2383,ZTF19abpnrlz
2384,ZTF18aanvpol
2385,ZTF18abvkyni
2386,ZTF18abtslka
2387,ZTF19aarwjvw
2388,ZTF19aaoxijx
2389,ZTF19abapjjx
2390,ZTF18abuptas
2391,ZTF19abdclwq
2392,ZTF18acxhvzb
2393,ZTF19acucmpp
2394,ZTF19aalxkmg
2395,ZTF18acakwqq
2396,ZTF19abcfgit
2397,ZTF19acnqakg
2398,ZTF18aajihjg
2399,ZTF18aborxlf
2400,ZTF18achhdrz
2401,ZTF19acxytaz
2402,ZTF20aalkasj
2403,ZTF18adanurk
2404,ZTF18abvvogk
2405,ZTF18aatinzo
2406,ZTF18adaylyq
2407,ZTF19aalzmdv
2408,ZTF19aanyuar
2409,ZTF18aahubaw
2410,ZTF19aczfmpt
2411,ZTF18abtmqxr
2412,ZTF18aayzamp
2413,ZTF18aaevepq
2414,ZTF19acbuqrn
2415,ZTF19aakrnwh
2416,ZTF19aavwtcb
2417,ZTF18abdeeqr
2418,ZTF20aascwcn
2419,ZTF18adbbjmn
2420,ZTF19aaninmw
2421,ZTF20aavdoqi
2422,ZTF19aaseywm
2423,ZTF19abjrckw
2424,ZTF18acdvrby
2425,ZTF18abshxig
2426,ZTF19abdqdtp
2427,ZTF19abekmfr
2428,ZTF19aaqdfwd
2429,ZTF18abtnfnq
2430,ZTF19aanelnp
2431,ZTF18acdwwql
2432,ZTF18aadhhfb
2433,ZTF19aalggpp
2434,ZTF19aarflsx
2435,ZTF18aczergr
2436,ZTF18acyxpfg
2437,ZTF18aanhtig
2438,ZTF19aaviuyv
2439,ZTF20aaknyzz
2440,ZTF18accdjej
2441,ZTF18abtxtjc
2442,ZTF20aazqynt
2443,ZTF18abwkhhq
2444,ZTF19abfwppk
2445,ZTF18acgxjuy
2446,ZTF18abwkxgo
2447,ZTF19aabbkhp
2448,ZTF19aascqge
2449,ZTF18acxhnxa
2450,ZTF19acukkxb
2451,ZTF19acavqlm
2452,ZTF18acezbhu
2453,ZTF19aamhhwm
2454,ZTF18aayckey
2455,ZTF19accdaam
2456,ZTF19abziutm
2457,ZTF19abgqkwy
2458,ZTF18acvhsus
2459,ZTF18acwvzpx
2460,ZTF20aagqeyl
2461,ZTF18acuspam
2462,ZTF18acvgytn
2463,ZTF20aaqnfzg
2464,ZTF18acbycof
2465,ZTF19aangwaa
2466,ZTF19aadhaiw
2467,ZTF18aatelfm
2468,ZTF20aabqlmn
2469,ZTF18abtphym
2470,ZTF19acaioew
2471,ZTF18abmkbsp
2472,ZTF20aavagnf
2473,ZTF19aacyjvv
2474,ZTF18aavkkay
2475,ZTF19aanymcq
2476,ZTF19aalcotv
2477,ZTF18aayyemq
2478,ZTF18acsyioc
2479,ZTF19acifunp
2480,ZTF18aaidhnq
2481,ZTF19aavouav
2482,ZTF18absochz
2483,ZTF18abtqevs
2484,ZTF19ablpwgx
2485,ZTF18abbkjri
2486,ZTF18acwyjtk
2487,ZTF18abfxkit
2488,ZTF19aanlyez
2489,ZTF19abkerhj
2490,ZTF18accnggf
2491,ZTF18aavjjbo
2492,ZTF18abltcmg
2493,ZTF18acvwqeo
2494,ZTF19abttqfr
2495,ZTF19abiinmg
2496,ZTF18acsyulu
2497,ZTF18abradhe
2498,ZTF18abgvdtw
2499,ZTF18ablcwde
2500,ZTF19aawhzbp
2501,ZTF18abbirly
2502,ZTF19abdpwja
2503,ZTF19aacxgke
2504,ZTF19abrtjqw
2505,ZTF19aavqnrs
2506,ZTF18aadfqfk
2507,ZTF18acehlpe
2508,ZTF18abgclmt
2509,ZTF19acdkjmq
2510,ZTF18aaizewi
2511,ZTF18acbvmwr
2512,ZTF18aarxpmg
2513,ZTF19abcfgek
2514,ZTF19abyfbqn
2515,ZTF18adcapnb
2516,ZTF18acvwbos
2517,ZTF18abxdtyz
2518,ZTF19aasgdim
2519,ZTF19aaaaxeu
2520,ZTF18abuhzfc
2521,ZTF18abtgivk
2522,ZTF19aatntaw
2523,ZTF19aaozzao
2524,ZTF18aagmdvh
2525,ZTF19aabzfqe
2526,ZTF19aayijvb
2527,ZTF18aabymcn
2528,ZTF18aawwmwt
2529,ZTF18acfqljc
2530,ZTF19aailtfn
2531,ZTF19aalcgza
2532,ZTF19abizssk
2533,ZTF19abuktfd
2534,ZTF18abhxotz
2535,ZTF19acyibvr
2536,ZTF19aaapkzq
2537,ZTF18aauiqnh
2538,ZTF18aalslhk
2539,ZTF18abtzcmi
2540,ZTF18acvgqrd
2541,ZTF18achqdch
2542,ZTF18abumrde
2543,ZTF18abrzlvk
2544,ZTF18aauanao
2545,ZTF18aasszwr
2546,ZTF19aayrkhk
2547,ZTF18aawwzsy
2548,ZTF18abajydf
2549,ZTF19abroofg
2550,ZTF19abwsdzf
2551,ZTF19abgqksj
2552,ZTF19abzrofr
2553,ZTF18aadvrkg
2554,ZTF18adaivps
2555,ZTF19abcimqs
2556,ZTF18acrukpd
2557,ZTF18abdnhjj
2558,ZTF19aalavep
2559,ZTF18abqsoli
2560,ZTF18abmmnqf
2561,ZTF19ablrpbd
2562,ZTF19abiztbh
2563,ZTF18abkheib
2564,ZTF20aausvaw
2565,ZTF18abcshvz
2566,ZTF19abizrgk
2567,ZTF19aavpyhs
2568,ZTF19abbwlst
2569,ZTF19abaejrh
2570,ZTF18aceyllf
2571,ZTF20aadcako
2572,ZTF20aaaylbp
2573,ZTF19abzymho
2574,ZTF19abnnknt
2575,ZTF18abknopt
2576,ZTF18abtswhs
2577,ZTF18aatiuec
2578,ZTF19aayfycp
2579,ZTF19aaysiwt
2580,ZTF18abaujut
2581,ZTF19aagovjr
2582,ZTF18aamgnsd
2583,ZTF19aayvylv
2584,ZTF19acuywme
2585,ZTF18aapiodw
2586,ZTF18acvwhbk
2587,ZTF19aborlfy
2588,ZTF19abpuikr
2589,ZTF20aajaeix
2590,ZTF18abhgpbf
2591,ZTF19acbvpov
2592,ZTF18aakalba
2593,ZTF18aaabsao
2594,ZTF20aanlahm
2595,ZTF18acubvhr
2596,ZTF19aaaicmw
2597,ZTF18aalsudf
2598,ZTF19aavqhfi
2599,ZTF19aavjfha
2600,ZTF18abmkdiy
2601,ZTF19acukvuk
2602,ZTF18abtyqov
2603,ZTF18aaashqz
2604,ZTF18accvzpd
2605,ZTF19aareflp
2606,ZTF20aagyaug
2607,ZTF20aarfxzz
2608,ZTF18aakpqhr
2609,ZTF18acukwld
2610,ZTF18abwsvfo
2611,ZTF18aatzyzn
2612,ZTF19aaklbok
2613,ZTF19aaphiry
2614,ZTF18acgvhxo
2615,ZTF18aaklfbf
2616,ZTF18aawqtmj
2617,ZTF18aaxvxkz
2618,ZTF19aboycch
2619,ZTF19acghote
2620,ZTF20aausuzy
2621,ZTF19aabhwqm
2622,ZTF19aaqapij
2623,ZTF19abknevb
2624,ZTF18absdbcj
2625,ZTF19abxrrcj
2626,ZTF20aaglvuu
2627,ZTF19acbzxyz
2628,ZTF19adcfyzm
2629,ZTF18aasupgp
2630,ZTF20aazhfmo
2631,ZTF18adachmi
2632,ZTF19aaaphbd
2633,ZTF19aaaegdw
2634,ZTF18abdfwur
2635,ZTF19aacygro
2636,ZTF19abzzukf
2637,ZTF18aczpdvz
2638,ZTF19aamsgro
2639,ZTF18aawhyvl
2640,ZTF18aboczgw
2641,ZTF18acbvhzt
2642,ZTF18abxlwud
2643,ZTF18aalogrm
2644,ZTF19abffnqf
2645,ZTF18ablwavx
2646,ZTF18acdyfss
2647,ZTF19aatvmcr
2648,ZTF19aascznb
2649,ZTF18aamsecj
2650,ZTF19abipmfl
2651,ZTF20aauvdax
2652,ZTF18aaqeeex
2653,ZTF18abvddiz
2654,ZTF18acaoyty
2655,ZTF19abqlpox
2656,ZTF19aamhjtm
2657,ZTF19aakjeqp
2658,ZTF20aabqihu
2659,ZTF19aalyols
2660,ZTF19abzzydu
2661,ZTF19aaptbsf
2662,ZTF19aapfqce
2663,ZTF18aaxrvst
2664,ZTF18abfzkno
2665,ZTF19aarsuqj
2666,ZTF19aacxixs
2667,ZTF17aaazmiw
2668,ZTF19abxrcgq
2669,ZTF18abakolg
2670,ZTF19aaahjjv
2671,ZTF18accvgsq
2672,ZTF19aalamat
2673,ZTF19aaciohh
2674,ZTF19abrljhh
2675,ZTF20aaozbec
2676,ZTF19aanglav
2677,ZTF19abegmdy
2678,ZTF20aagltvz
2679,ZTF18ablpnuq
2680,ZTF19aawgzao
2681,ZTF19aalflqd
2682,ZTF18acefdrv
2683,ZTF18acnmxdm
2684,ZTF18aazicuu
2685,ZTF18aayddij
2686,ZTF19abqgttv
2687,ZTF18acppdlw
2688,ZTF18acqgvrt
2689,ZTF18acvgoej
2690,ZTF19aaaoouq
2691,ZTF19aacxmha
2692,ZTF19abjqbax
2693,ZTF20aatpzlk
2694,ZTF19abcelav
2695,ZTF19abceijq
2696,ZTF19aamqxml
2697,ZTF19abjargn
2698,ZTF18adbbtwy
2699,ZTF19abdqkfc
2700,ZTF18aadnqwz
2701,ZTF20abcwtxb
2702,ZTF19aanxpbx
2703,ZTF18abafekh
2704,ZTF19abymwtd
2705,ZTF19acvgcgv
2706,ZTF20aahkolj
2707,ZTF19aascvzg
2708,ZTF19aaapjme
2709,ZTF19abdjusv
2710,ZTF18abtkryp
2711,ZTF20aaigdsj
2712,ZTF18aaellbb
2713,ZTF18abeibdj
2714,ZTF20aaoydna
2715,ZTF18aajyqym
2716,ZTF18abkuguc
2717,ZTF18aczcezv
2718,ZTF19aalubnr
2719,ZTF19abxjdfy
2720,ZTF18acessji
2721,ZTF19acdkzeh
2722,ZTF18acegcds
2723,ZTF19aanovps
2724,ZTF19aagkczv
2725,ZTF18aczeoen
2726,ZTF18abvuavc
2727,ZTF18accwjod
2728,ZTF19acdrjxn
2729,ZTF18aanuwyk
2730,ZTF18acvwmvf
2731,ZTF19aaaqcso
2732,ZTF20aadbcno
2733,ZTF18aauhkzq
2734,ZTF18ackvfyc
2735,ZTF18aaxlzrb
2736,ZTF20aakdokj
2737,ZTF19aaaerxc
2738,ZTF19abwmoei
2739,ZTF19aalzivg
2740,ZTF19abdkcye
2741,ZTF19aaapmnk
2742,ZTF18abddhgy
2743,ZTF19aairnxo
2744,ZTF18abporae
2745,ZTF18aaojsvk
2746,ZTF18adaktri
2747,ZTF19acdudat
2748,ZTF18acsjdpm
2749,ZTF19accmaxo
2750,ZTF18abwcpml
2751,ZTF19abdvxna
2752,ZTF18acbwopo
2753,ZTF18abyfajg
2754,ZTF19aafufdm
2755,ZTF19achtemo
2756,ZTF19aawxysm
2757,ZTF18aayixfe
2758,ZTF18abqwyml
2759,ZTF18acajjwa
2760,ZTF18abeebfn
2761,ZTF18abfzixe
2762,ZTF18abvftne
2763,ZTF19acxnbmg
2764,ZTF19abattvp
2765,ZTF19acyfprz
2766,ZTF20aaxnggm
2767,ZTF18accvtvx
2768,ZTF18acdujer
2769,ZTF19aapfywb
2770,ZTF18abwdznd
2771,ZTF19achewzu
2772,ZTF18abfbsqo
2773,ZTF18acvwasd
2774,ZTF19abitexk
2775,ZTF19acyqwlm
2776,ZTF18abvosry
2777,ZTF19abgmjtu
2778,ZTF18aakcrhu
2779,ZTF19aabluez
2780,ZTF19aacojum
2781,ZTF19abjqmdm
2782,ZTF19aangzrq
2783,ZTF19adcepwa
2784,ZTF19aassunq
2785,ZTF19aavmlqh
2786,ZTF19aaafouf
2787,ZTF19abrbskk
2788,ZTF19aalxxmt
2789,ZTF19aamgzuz
2790,ZTF19aagwzod
2791,ZTF18aaqdgrk
2792,ZTF19aasejnu
2793,ZTF19aaoznax
2794,ZTF19aacqeai
2795,ZTF19aailjvy
2796,ZTF18abbizwu
2797,ZTF18abmamzp
2798,ZTF19accdntg
2799,ZTF18aalsiir
2800,ZTF18acszdid
2801,ZTF19aayikkg
2802,ZTF18acbwoye
2803,ZTF19aaryoyi
2804,ZTF18aaoecso
2805,ZTF18abeyyix
2806,ZTF18abrwpvo
2807,ZTF19abceyip
2808,ZTF19aaohxey
2809,ZTF19abrjllq
2810,ZTF19acbnttg
2811,ZTF19aaycqkh
2812,ZTF18aceqwxk
2813,ZTF18aaovzlg
2814,ZTF18aceqrsl
2815,ZTF18aaxrnpq
2816,ZTF18abqnphz
2817,ZTF18acewrzz
2818,ZTF19acclpbh
2819,ZTF18abrzcdi
2820,ZTF19adakivb
2821,ZTF18actadei
2822,ZTF18aayblma
2823,ZTF19aakymda
2824,ZTF18abbrizh
2825,ZTF18aalsiji
2826,ZTF19aazwzsw
2827,ZTF18aauaxbw
2828,ZTF19abnsgqm
2829,ZTF19abuaodk
2830,ZTF19abisdrk
2831,ZTF18abkudkf
2832,ZTF19aaekarb
2833,ZTF20aabqggc
2834,ZTF19aadbcat
2835,ZTF19abcuiau
2836,ZTF19abztihd
2837,ZTF19adccovp
2838,ZTF19aaeisqz
2839,ZTF19aaczwrg
2840,ZTF19abyctab
2841,ZTF19acmihvo
2842,ZTF19abyjjnh
2843,ZTF18abjzfwh
2844,ZTF19aaprwon
2845,ZTF19abvhkst
2846,ZTF19acypxig
2847,ZTF19aamjjcx
2848,ZTF18aakdyss
2849,ZTF19abdlcaz
2850,ZTF18abrwpyz
2851,ZTF17aaaumzf
2852,ZTF18acujwqc
2853,ZTF18adakyoe
2854,ZTF18acujdpy
2855,ZTF19acslslv
2856,ZTF18acauwie
2857,ZTF18aaxuqbe
2858,ZTF19aaptarf
2859,ZTF18accvkbp
2860,ZTF19abwscyv
2861,ZTF18abccmkn
2862,ZTF19aaahhzc
2863,ZTF18abceili
2864,ZTF18abueqkq
2865,ZTF18accvmgs
2866,ZTF18acvgysx
2867,ZTF19abdurqw
2868,ZTF19acolhdq
2869,ZTF18abzsimu
2870,ZTF19aarinna
2871,ZTF18abdridn
2872,ZTF19abxirtj
2873,ZTF19abgvcss
2874,ZTF18aceinza
2875,ZTF18aaqfgni
2876,ZTF19aawnzok
2877,ZTF18aahxtar
2878,ZTF18aakqist
2879,ZTF19adcftma
2880,ZTF19abkfqto
2881,ZTF19aakxyxx
2882,ZTF19acnxvkp
2883,ZTF19aailwrd
2884,ZTF18aaioplg
2885,ZTF19acpreck
2886,ZTF18abdhxda
2887,ZTF19abatgyh
2888,ZTF20aawknzg
2889,ZTF19aahsnat
2890,ZTF19ablogzm
2891,ZTF18abdfkrf
2892,ZTF19aazgdvh
2893,ZTF18aazecru
2894,ZTF18abqvpaz
2895,ZTF19aatxxrz
2896,ZTF20aanlxiv
2897,ZTF19acmbvqd
2898,ZTF18absgnio
2899,ZTF19acptxih
2900,ZTF19aapadsm
2901,ZTF18aavvdjt
2902,ZTF18aacdydz
2903,ZTF18abzbwlw
2904,ZTF19aanjxzo
2905,ZTF19acabbev
2906,ZTF18acxgtro
2907,ZTF18ablrmvp
2908,ZTF18abqqich
2909,ZTF19ablerov
2910,ZTF18actudrs
2911,ZTF19abzfgzt
2912,ZTF19aarixjo
2913,ZTF18acvgyih
2914,ZTF19acgdowv
2915,ZTF19aariocj
2916,ZTF19aabifhq
2917,ZTF18adatytk
2918,ZTF19abdesjq
2919,ZTF19aaafgvy
2920,ZTF18absltdf
2921,ZTF18abvucic
2922,ZTF18acvgzab
2923,ZTF19aaapkzo
2924,ZTF20aafabkv
2925,ZTF18adbclyz
2926,ZTF18acbwiic
2927,ZTF19aawnmqv
2928,ZTF20aaetlar
2929,ZTF19aaprqtw
2930,ZTF19aagnhug
2931,ZTF20aaayrjs
2932,ZTF18aaznrih
2933,ZTF18aaqogdv
2934,ZTF19abirtft
2935,ZTF18abtkgsr
2936,ZTF18acwxeqf
2937,ZTF19acbvqgo
2938,ZTF19aatgshx
2939,ZTF19aakpljn
2940,ZTF18aarplcv
2941,ZTF18aceagtd
2942,ZTF18acvgufb
2943,ZTF18acyxckt
2944,ZTF19aanmgst
2945,ZTF18aarnahc
2946,ZTF18adbczpe
2947,ZTF19abdohvz
2948,ZTF19aadflun
2949,ZTF18abmawjb
2950,ZTF18aapgbfm
2951,ZTF20aakykcy
2952,ZTF19abkiqce
2953,ZTF19aalyuhs
2954,ZTF18aahkhot
2955,ZTF18abtsddf
2956,ZTF18abfcmjw
2957,ZTF19acdtpqk
2958,ZTF19aatvmxl
2959,ZTF20aartnkv
2960,ZTF18aapkocd
2961,ZTF18acertsq
2962,ZTF18abchinz
2963,ZTF18acqvqpi
2964,ZTF18absizfo
2965,ZTF19aavvvqc
2966,ZTF20aadcaye
2967,ZTF18aaypmaz
2968,ZTF18acrheyn
2969,ZTF19aapgbzt
2970,ZTF18aayklkp
2971,ZTF18aaqurxe
2972,ZTF18aabicqe
2973,ZTF19aaokkdh
2974,ZTF19abahljc
2975,ZTF18acwzauk
2976,ZTF18abdbvyf
2977,ZTF18acwypxy
2978,ZTF18aaeraoq
2979,ZTF18acbxiuo
2980,ZTF19adcbxli
2981,ZTF18acnbgrj
2982,ZTF18abwigos
2983,ZTF19aariuqe
2984,ZTF19aavhxhl
2985,ZTF18aatobro
2986,ZTF19aafvuvf
2987,ZTF18accdsvj
2988,ZTF18aazbqcf
2989,ZTF19abalqgt
2990,ZTF18aavbdtl
2991,ZTF18aczerzm
2992,ZTF19abimezz
2993,ZTF19acmssil
2994,ZTF18abeeidh
2995,ZTF18aalmtum
2996,ZTF18abmjija
2997,ZTF20aaaybmp
2998,ZTF19aailtfi
2999,ZTF19aalfsou
3000,ZTF19aanyhaj
3001,ZTF18abfxiha
3002,ZTF19aapgczw
3003,ZTF18acebphv
3004,ZTF18aatyodj
3005,ZTF19aapdkza
3006,ZTF19aalciby
3007,ZTF18abdrero
3008,ZTF19aauhdgw
3009,ZTF19aalzvxf
3010,ZTF19abggupq
3011,ZTF19aailtrj
3012,ZTF18acvgjne
3013,ZTF19aanopxp
3014,ZTF18aaykebl
3015,ZTF18actubhl
3016,ZTF19aagzegm
3017,ZTF18acdxfek
3018,ZTF19aaneqgb
3019,ZTF19acguubl
3020,ZTF18abbpmzo
3021,ZTF18abtvqeu
3022,ZTF18accdgzm
3023,ZTF19aacsmwv
3024,ZTF18acicwsc
3025,ZTF18ablvrgt
3026,ZTF18acdvqxh
3027,ZTF19abbyjam
3028,ZTF18acidswq
3029,ZTF18aalperi
3030,ZTF18aabzmue
3031,ZTF19aawlluc
3032,ZTF18abklajm
3033,ZTF19aaycotm
3034,ZTF19aafmqbn
3035,ZTF19aavmxiu
3036,ZTF19acgtszy
3037,ZTF19acgbzdc
3038,ZTF19aaniiaz
3039,ZTF18aahqxex
3040,ZTF18abyuigb
3041,ZTF19adcfhxp
3042,ZTF20abdxyae
3043,ZTF18abhgrff
3044,ZTF19aayiikj
3045,ZTF19aamgvrm
3046,ZTF19abzwpxs
3047,ZTF19aailopo
3048,ZTF18acehfkd
3049,ZTF18aavssbq
3050,ZTF19abdxwcu
3051,ZTF18aavrsgj
3052,ZTF19aaozpdm
3053,ZTF18adbaqft
3054,ZTF19aawccaz
3055,ZTF20abasbqq
3056,ZTF18acpitjo
3057,ZTF18aaddhpb
3058,ZTF19acwlecn
3059,ZTF18aascrpj
3060,ZTF18abvgjul
3061,ZTF18abuqhmh
3062,ZTF18aabtvwe
3063,ZTF20aadvpld
3064,ZTF18aajofqx
3065,ZTF19aadghnt
3066,ZTF18aathwdx
3067,ZTF18aaxudip
3068,ZTF19aavsahi
3069,ZTF18abgulkc
3070,ZTF18aaktmtx
3071,ZTF20abfhmhh
3072,ZTF18absonsn
3073,ZTF18adbbvif
3074,ZTF19aagkfvq
3075,ZTF18aamfuhc
3076,ZTF18abxthsc
3077,ZTF18aalzaii
3078,ZTF18abtmeds
3079,ZTF18aazains
3080,ZTF18aalnilz
3081,ZTF19aaapkjf
3082,ZTF20aadszrh
3083,ZTF18abmpkii
3084,ZTF18acdvvnc
3085,ZTF19aampgss
3086,ZTF19aalckts
3087,ZTF18aazbnsl
3088,ZTF19aawnaky
3089,ZTF18acehcnp
3090,ZTF19aaprhvf
3091,ZTF19abbkqcg
3092,ZTF19aanfkuf
3093,ZTF18ablrzdz
3094,ZTF18abslwen
3095,ZTF18acpcxmu
3096,ZTF19aapavln
3097,ZTF18abskrdj
3098,ZTF18aavummp
3099,ZTF19acnjkbs
3100,ZTF19acbolha
3101,ZTF18acchhpe
3102,ZTF18aahweiu
3103,ZTF18abufdlx
3104,ZTF18abxzoom
3105,ZTF19acdecpl
3106,ZTF19aakvgnc
3107,ZTF19aaujqrd
3108,ZTF18absgmhg
3109,ZTF19abyvuyy
3110,ZTF18aazcoxg
3111,ZTF19aaynmuh
3112,ZTF20aaggyef
3113,ZTF20aagmrlz
3114,ZTF18aafxtrt
3115,ZTF19aaoyirm
3116,ZTF18acmqplu
3117,ZTF19aaafovd
3118,ZTF18acvwddd
3119,ZTF19aapzizc
3120,ZTF18acbvzta
3121,ZTF19aawupxb
3122,ZTF19aarupko
3123,ZTF18acqfnet
3124,ZTF19abaevmv
3125,ZTF19aasesll
3126,ZTF19aadggyl
3127,ZTF18abtpfzr
3128,ZTF18abkhwwh
3129,ZTF20aapcvgz
3130,ZTF18aaxnnev
3131,ZTF17aaakeyg
3132,ZTF19aawtgmw
3133,ZTF18abjwpii
3134,ZTF18abklnhp
3135,ZTF18abrzbnb
3136,ZTF19aarmvzt
3137,ZTF18abedvgv
3138,ZTF18acrgczy
3139,ZTF19abucujw
3140,ZTF19abhuuso
3141,ZTF18abskzvr
3142,ZTF18acbwxcc
3143,ZTF19abizllb
3144,ZTF19abaoxph
3145,ZTF20aaortsq
3146,ZTF19acykjad
3147,ZTF18aaltula
3148,ZTF19abucioo
3149,ZTF19acvhmzn
3150,ZTF19adcaxzt
3151,ZTF19aawfkde
3152,ZTF19aaderqg
3153,ZTF19abupfti
3154,ZTF18acrctos
3155,ZTF18abaszpq
3156,ZTF18acvrgwv
3157,ZTF18abujdpn
3158,ZTF18aarqufp
3159,ZTF18acectzf
3160,ZTF19aavxims
3161,ZTF18aakxwff
3162,ZTF19aailpwl
3163,ZTF19aaojgnq
3164,ZTF19acbublv
3165,ZTF19aaajarm
3166,ZTF19aapuibt
3167,ZTF18adachic
3168,ZTF18abcoywh
3169,ZTF18abvkpxw
3170,ZTF19aaahrtc
3171,ZTF19abbttry
3172,ZTF18aavuhxe
3173,ZTF19abtumpy
3174,ZTF18abawscl
3175,ZTF19aadbmum
3176,ZTF18abmagnk
3177,ZTF18aaqgnlu
3178,ZTF19abcugul
3179,ZTF18acbzvzm
3180,ZTF18abbjmga
3181,ZTF20aagnrdd
3182,ZTF18aaxkltk
3183,ZTF18aadbtae
3184,ZTF19acxlcdz
3185,ZTF18aaxxfib
3186,ZTF19aalztvp
3187,ZTF19aatuexk
3188,ZTF20aauooag
3189,ZTF18acatyya
3190,ZTF19aarmxlx
3191,ZTF18aaxrcgd
3192,ZTF19aacllby
3193,ZTF20aavoumq
3194,ZTF19aaczpxz
3195,ZTF18aaemivw
3196,ZTF19aangcjx
3197,ZTF18aarwaty
3198,ZTF18aaxseuq
3199,ZTF19aayocpp
3200,ZTF19abrnprf
3201,ZTF18aaqkjzp
3202,ZTF19abcwjoe
3203,ZTF18abmkdqm
3204,ZTF18abwpfja
3205,ZTF19aahecfo
3206,ZTF18acafztq
3207,ZTF18abxftqm
3208,ZTF19aadgmly
3209,ZTF19adbrkjv
3210,ZTF18aaoiucs
3211,ZTF19aacpema
3212,ZTF18adbhdaa
3213,ZTF18ablqkyi
3214,ZTF18aaqlksk
3215,ZTF18aacmnbd
3216,ZTF18aavaiht
3217,ZTF19abofnxz
3218,ZTF19aaaggqw
3219,ZTF18abqjbpq
3220,ZTF20aahpxzz
3221,ZTF18acallen
3222,ZTF19adbnlnz
3223,ZTF18abqjbiz
3224,ZTF20aagkqky
3225,ZTF19abtcapa
3226,ZTF19aapfsyx
3227,ZTF19acbmqoj
3228,ZTF18aceykmc
3229,ZTF18aazkxlc
3230,ZTF19aaeftyq
3231,ZTF20aahgkuc
3232,ZTF18acbvbox
3233,ZTF18aceijsp
3234,ZTF18abgkjpd
3235,ZTF18aamdgwt
3236,ZTF18absrlby
3237,ZTF18acdvqqb
3238,ZTF18abnvxkw
3239,ZTF19aalerue
3240,ZTF19aaipqls
3241,ZTF19acbmpaz
3242,ZTF19acmxnkt
3243,ZTF18abbjkcd
3244,ZTF19acxofsq
3245,ZTF18abstggr
3246,ZTF18acwyoqi
3247,ZTF18acqzgwt
3248,ZTF18adbibrr
3249,ZTF18abjflow
3250,ZTF19abdzffe
3251,ZTF19abraqix
3252,ZTF19aacirew
3253,ZTF18accnimb
3254,ZTF19abcegxw
3255,ZTF18abuoupy
3256,ZTF19aanitlm
3257,ZTF19aazdfgp
3258,ZTF18acughck
3259,ZTF19abgoeef
3260,ZTF19acekcsl
3261,ZTF19aaetphj
3262,ZTF18abqqdrs
3263,ZTF19aavakia
3264,ZTF18acvgwbt
3265,ZTF19acqcvjv
3266,ZTF18aacdvjp
3267,ZTF19aalvczy
3268,ZTF18acidmgi
3269,ZTF19aariwpf
3270,ZTF19aaeqjqe
3271,ZTF19adajhgq
3272,ZTF18aamwkxf
3273,ZTF19abavlxi
3274,ZTF19abujtvl
3275,ZTF18aasvfah
3276,ZTF18acajloc
3277,ZTF18abvwqtp
3278,ZTF19aanjryl
3279,ZTF18aaglyyk
3280,ZTF19aauicwm
3281,ZTF18acrugby
3282,ZTF19acbvoki
3283,ZTF19aaqfmmm
3284,ZTF18abmqujt
3285,ZTF19aalbtrx
3286,ZTF19aagfnox
3287,ZTF19aascpss
3288,ZTF19abzqrzf
3289,ZTF19aapgdbt
3290,ZTF18aahfere
3291,ZTF18abueiia
3292,ZTF19aaruusi
3293,ZTF18acdxfpu
3294,ZTF18aaicwdt
3295,ZTF19aaenyzm
3296,ZTF19adcavqj
3297,ZTF20aauscjg
3298,ZTF18abtrccn
3299,ZTF18acvgrow
3300,ZTF18aawuuev
3301,ZTF19acboexm
3302,ZTF19aatlxtt
3303,ZTF18abvpriv
3304,ZTF19acgteit
3305,ZTF19aalcsqr
3306,ZTF18acrgydk
3307,ZTF18accmndt
3308,ZTF18acyygbx
3309,ZTF18aawtveo
3310,ZTF19aaoubqg
3311,ZTF18aacinqt
3312,ZTF18acciefk
3313,ZTF19acctpgd
3314,ZTF18acdwedj
3315,ZTF18abuaqab
3316,ZTF18aakelok
3317,ZTF18aaybswi
3318,ZTF18acrcizr
3319,ZTF19acdiush
3320,ZTF19aarpxem
3321,ZTF18acvwbdi
3322,ZTF18abtpcvw
3323,ZTF18acvwajm
3324,ZTF19aaoyinh
3325,ZTF18abeilom
3326,ZTF19aalxqsr
3327,ZTF19aawezes
3328,ZTF18aasuray
3329,ZTF18aawpied
3330,ZTF18accngda
3331,ZTF18aawsaer
3332,ZTF18abvdhtw
3333,ZTF19aalzlnx
3334,ZTF19aaafqgp
3335,ZTF18aaxqiyo
3336,ZTF20aaerjuq
3337,ZTF18aaxurtn
3338,ZTF19aabyppp
3339,ZTF19aboqpry
3340,ZTF19aavvjxn
3341,ZTF19aamrcwe
3342,ZTF19abkflgh
3343,ZTF18accvome
3344,ZTF17aaaocpq
3345,ZTF18aajrwlw
3346,ZTF19abqykti
3347,ZTF18abjixya
3348,ZTF19aalezwv
3349,ZTF18aazxelf
3350,ZTF20aaruioe
3351,ZTF19aawvwjb
3352,ZTF20aadynix
3353,ZTF18abvfafa
3354,ZTF18abtmwfj
3355,ZTF18abumiwj
3356,ZTF18abnbwwp
3357,ZTF19aahdqmr
3358,ZTF18acusqio
3359,ZTF18abpcyft
3360,ZTF18aanznar
3361,ZTF19aanhfnk
3362,ZTF18absqkfg
3363,ZTF19abwosyu
3364,ZTF18abtqapc
3365,ZTF19acjtpqd
3366,ZTF19abcubad
3367,ZTF19abbykuv
3368,ZTF18aanlcit
3369,ZTF18aczerfh
3370,ZTF18abfaqqk
3371,ZTF20aadafaz
3372,ZTF19aarnidu
3373,ZTF18acbwpoc
3374,ZTF19abucbmk
3375,ZTF19abiqtvm
3376,ZTF19aazfuci
3377,ZTF19aalcgfc
3378,ZTF18acbzoms
3379,ZTF19acbnrvn
3380,ZTF18abbpaxo
3381,ZTF18abltfvl
3382,ZTF18abnzksu
3383,ZTF20aaocfgz
3384,ZTF18acuscgc
3385,ZTF20aaurezo
3386,ZTF19aankgzy
3387,ZTF19aavnwtu
3388,ZTF19aazlpyl
3389,ZTF19aawgugc
3390,ZTF19acgjpku
3391,ZTF18acppcva
3392,ZTF19abgnxol
3393,ZTF18abmbbja
3394,ZTF18aagamlz
3395,ZTF20aakdeit
3396,ZTF18acarunx
3397,ZTF18aaspomf
3398,ZTF18acbxkop
3399,ZTF18abxdqxa
3400,ZTF18aarylav
3401,ZTF18adbhlyb
3402,ZTF18aaxjuqv
3403,ZTF18ablqgvp
3404,ZTF18aahfohe
3405,ZTF18abjaubz
3406,ZTF18abmbdly
3407,ZTF19aamwqzm
3408,ZTF18acezadp
3409,ZTF17aacllgf
3410,ZTF18abgrsyl
3411,ZTF19aawfymk
3412,ZTF19aaapjfp
3413,ZTF19abuctie
3414,ZTF19abaumgw
3415,ZTF18acofary
3416,ZTF20aanaiav
3417,ZTF19abznciw
3418,ZTF18abuxjrd
3419,ZTF20aadxcsc
3420,ZTF18aczernu
3421,ZTF19aaipotm
3422,ZTF19aawfcru
3423,ZTF18aavskhe
3424,ZTF18abtnqwx
3425,ZTF18abesrgn
3426,ZTF18abfcqsj
3427,ZTF19abbclet
3428,ZTF18acvwkvc
3429,ZTF19abjpick
3430,ZTF18aahtkze
3431,ZTF18abmatjn
3432,ZTF17aabjswn
3433,ZTF19aacivld
3434,ZTF20aaaxenk
3435,ZTF18aaijhpk
3436,ZTF19aailrxv
3437,ZTF20aascftb
3438,ZTF19abctnpk
3439,ZTF18acfvbzo
3440,ZTF18abwcnid
3441,ZTF18acccvsw
3442,ZTF19aarqhgd
3443,ZTF18aahfgcv
3444,ZTF19aaqhelq
3445,ZTF18aceyxxa
3446,ZTF18abeazpl
3447,ZTF20aautilk
3448,ZTF19aalepai
3449,ZTF18abufihd
3450,ZTF19abzrmbx
3451,ZTF18aamyrjy
3452,ZTF18abhawjn
3453,ZTF18aakkvsz
3454,ZTF18acefccw
3455,ZTF18aarfviy
3456,ZTF19aampaby
3457,ZTF19aahditg
3458,ZTF18abcvuzh
3459,ZTF19aaniibk
3460,ZTF18aauljbl
3461,ZTF19abymgtm
3462,ZTF18aalzued
3463,ZTF18acnrovd
3464,ZTF18adbhiol
3465,ZTF18aarpwgw
3466,ZTF19abfafhh
3467,ZTF19aailuuk
3468,ZTF18acqzdkf
3469,ZTF18abtulec
3470,ZTF19aavahim
3471,ZTF18aarszsc
3472,ZTF19aczousz
3473,ZTF19aamwqxa
3474,ZTF20aajbybl
3475,ZTF18aaspova
3476,ZTF19acfvuxk
3477,ZTF18acbxocm
3478,ZTF18acsotvu
3479,ZTF18aboitqm
3480,ZTF18abmkkwi
3481,ZTF19acjnaxa
3482,ZTF17aadijwd
3483,ZTF18acvwcxe
3484,ZTF18abzfxuo
3485,ZTF18aaiemyk
3486,ZTF18acdxvrr
3487,ZTF18abvgipd
3488,ZTF18aalsidi
3489,ZTF19acgeldw
3490,ZTF18adbklcq
3491,ZTF19acnqhrw
3492,ZTF19abgfqnt
3493,ZTF19aadpqnb
3494,ZTF19aadomgl
3495,ZTF18abteipt
3496,ZTF18abvnqqk
3497,ZTF19aapgddk
3498,ZTF19acczyyt
3499,ZTF18abscmnr
3500,ZTF18aavdoon
3501,ZTF18abyvajv
3502,ZTF19abjarri
3503,ZTF18abckaju
3504,ZTF19aausjqx
3505,ZTF19abqmsbk
3506,ZTF18acvhhgk
3507,ZTF18aaisjkm
3508,ZTF19acgmkrt
3509,ZTF18aacbkwp
3510,ZTF19acamwhl
3511,ZTF18ablzviv
3512,ZTF18aaxzpyh
3513,ZTF18absrnjk
3514,ZTF19abloyur
3515,ZTF19aapcnzi
3516,ZTF19abucqqx
3517,ZTF18aadkjmo
3518,ZTF18aayaphx
3519,ZTF18abuoave
3520,ZTF18acbwbnk
3521,ZTF18abwfktb
3522,ZTF18abcprzp
3523,ZTF18abrwvkr
3524,ZTF18aavnedl
3525,ZTF18acvvudh
3526,ZTF18aaqfvag
3527,ZTF20aafdmox
3528,ZTF19abpnsam
3529,ZTF19aapcxhy
3530,ZTF19aarjspm
3531,ZTF18acmpqei
3532,ZTF20aarelpc
3533,ZTF18aaugofd
3534,ZTF19aapuugw
3535,ZTF19acdkzzo
3536,ZTF19aangzxb
3537,ZTF18abztndk
3538,ZTF18acpdvos
3539,ZTF19abaeyio
3540,ZTF18abuqvpc
3541,ZTF19adcdgca
3542,ZTF19acquzup
3543,ZTF18aaqzpsv
3544,ZTF19abficzl
3545,ZTF18abvvyro
3546,ZTF19aawlmoz
3547,ZTF19aawyepw
3548,ZTF19accpucv
3549,ZTF18aapfdnb
3550,ZTF19abfqiaq
3551,ZTF18abjlyxj
3552,ZTF18accvycz
3553,ZTF17aacovcm
3554,ZTF19abeiblr
3555,ZTF18aafdhoa
3556,ZTF20aaxxdvp
3557,ZTF18aaqmayn
3558,ZTF20aancncs
3559,ZTF18abnuqbb
3560,ZTF18abavvyh
3561,ZTF18aaxqdwh
3562,ZTF19abudbut
3563,ZTF19aalftxr
3564,ZTF20aahzxgm
3565,ZTF18acetvcr
3566,ZTF19aazcdio
3567,ZTF18acaobxm
3568,ZTF18abvoujq
3569,ZTF18acejgrz
3570,ZTF19abfipaf
3571,ZTF19acgbobm
3572,ZTF20aacdmth
3573,ZTF18abvpnnb
3574,ZTF19aaapmca
3575,ZTF19aaoztzf
3576,ZTF19abfuchk
3577,ZTF19aabyfvr
3578,ZTF19abuadom
3579,ZTF18aceinzr
3580,ZTF19abdgyjn
3581,ZTF18aabeuqk
3582,ZTF18aaquoaj
3583,ZTF19aaadfcp
3584,ZTF20aabqhpy
3585,ZTF18abmmszc
3586,ZTF19abxvujw
3587,ZTF18aaocokz
3588,ZTF18acrxgbu
3589,ZTF19aaoyjoh
3590,ZTF19abucbkt
3591,ZTF19ackjsbp
3592,ZTF19aaapkto
3593,ZTF18acdvymc
3594,ZTF19aaafoee
3595,ZTF18abwkhiz
3596,ZTF19abymwqs
3597,ZTF18acujaon
3598,ZTF18acbwgfw
3599,ZTF19abiqvgg
3600,ZTF19abftvun
3601,ZTF19acbvzzw
3602,ZTF18abatwsn
3603,ZTF20abgdsrd
3604,ZTF18aceqhwn
3605,ZTF18aazogyo
3606,ZTF18aaroqum
3607,ZTF19aaaizjh
3608,ZTF18abjmlty
3609,ZTF19aaoibau
3610,ZTF19abpkoou
3611,ZTF19abrirdm
3612,ZTF19abpgggu
3613,ZTF19abaszjd
3614,ZTF19aatlpwc
3615,ZTF18aapcwvu
3616,ZTF18aaejoce
3617,ZTF18aamtcmw
3618,ZTF18abdazfd
3619,ZTF18aajruzu
3620,ZTF18aadwvyr
3621,ZTF18acpdvpo
3622,ZTF18aawebos
3623,ZTF18acwyxnp
3624,ZTF18absoiyh
3625,ZTF18abafbmh
3626,ZTF20aadwstc
3627,ZTF19acdtvzh
3628,ZTF18abmjgyk
3629,ZTF19aabzpvd
3630,ZTF19aaqewhs
3631,ZTF19aadgaef
3632,ZTF19aanetjx
3633,ZTF18abvfike
3634,ZTF18acsosqq
3635,ZTF18abiiulj
3636,ZTF19aarnjdj
3637,ZTF17aabwqhs
3638,ZTF18accnlji
3639,ZTF18aauaayg
3640,ZTF19aapszdi
3641,ZTF18accdrdw
3642,ZTF20abeonvo
3643,ZTF19aahesvv
3644,ZTF18abazsgj
3645,ZTF18aaltric
3646,ZTF19aaycqab
3647,ZTF19abbyyeq
3648,ZTF18abcbwnd
3649,ZTF19abpfnry
3650,ZTF19aaprdox
3651,ZTF19aavakfv
3652,ZTF19aasponr
3653,ZTF18abvsztp
3654,ZTF19abyjcne
3655,ZTF18abrzeym
3656,ZTF19aahsmla
3657,ZTF19abhhpix
3658,ZTF19aakzqbz
3659,ZTF19aanympn
3660,ZTF18abddpsn
3661,ZTF20aabqiuv
3662,ZTF19acblnko
3663,ZTF18abhomyb
3664,ZTF18aawttgn
3665,ZTF19aaqtkie
3666,ZTF18acetpte
3667,ZTF18abbgsfk
3668,ZTF18acrxptl
3669,ZTF18acavjff
3670,ZTF19aaltvif
3671,ZTF19abdcbxs
3672,ZTF18abvkgmn
3673,ZTF18aavpyfs
3674,ZTF19aapgcfz
3675,ZTF19aablyfm
3676,ZTF18acwrwbu
3677,ZTF20abfymfu
3678,ZTF19aavwcow
3679,ZTF18aczeiec
3680,ZTF19aauynag
3681,ZTF19abdjxfm
3682,ZTF18aauhlez
3683,ZTF19abiznvd
3684,ZTF19aaaplrm
3685,ZTF19acrmoax
3686,ZTF18acryjql
3687,ZTF19aamktek
3688,ZTF19aaozsbg
3689,ZTF19aagnprs
3690,ZTF19adcgatd
3691,ZTF19acevyvd
3692,ZTF19aamqumr
3693,ZTF18acalqhj
3694,ZTF18abcqsar
3695,ZTF19aarimai
3696,ZTF20aacxmdk
3697,ZTF20aafrwmy
3698,ZTF19abjphdh
3699,ZTF18acbxqzf
3700,ZTF18aarboos
3701,ZTF18abfbltj
3702,ZTF19abdbvdj
3703,ZTF18abzppyb
3704,ZTF19aafmwoc
3705,ZTF18acezakm
3706,ZTF19acxqbyg
3707,ZTF18acnbgoa
3708,ZTF18acskznb
3709,ZTF18aazubzr
3710,ZTF19abvdcis
3711,ZTF19aaesfkm
3712,ZTF18acnbpti
3713,ZTF18abmoflr
3714,ZTF18acvdwhd
3715,ZTF19aatvmtq
3716,ZTF19aanjkko
3717,ZTF18acejmzn
3718,ZTF19ablfish
3719,ZTF20aahbrbj
3720,ZTF18abmrhkl
3721,ZTF17aaaeqnq
3722,ZTF18aaeqoeb
3723,ZTF19acbvzli
3724,ZTF18abvzhpz
3725,ZTF18acyyhei
3726,ZTF18abshnwm
3727,ZTF18aariljk
3728,ZTF19abhhjcc
3729,ZTF18aavrmlf
3730,ZTF20aahntru
3731,ZTF19aagxurl
3732,ZTF19aavahvq
3733,ZTF18aanhrdm
3734,ZTF19aaoznlz
3735,ZTF19acypppb
3736,ZTF18abycxrb
3737,ZTF18aaqoqle
3738,ZTF18aaxnxno
3739,ZTF19acvrlmp
3740,ZTF18aavoyqs
3741,ZTF19adcfrxx
3742,ZTF19aaafiid
3743,ZTF19aasdqeo
3744,ZTF19acaiyun
3745,ZTF20aavptfn
3746,ZTF19abwstko
3747,ZTF18aaobdmp
3748,ZTF18aavmucd
3749,ZTF19abamvng
3750,ZTF18abedguq
3751,ZTF19abcfgwr
3752,ZTF19acyqgcy
3753,ZTF19aahsapy
3754,ZTF19aaaeowc
3755,ZTF18aalryzv
3756,ZTF18abqjbxn
3757,ZTF18abhbfak
3758,ZTF18aajupnt
3759,ZTF18aazctlo
3760,ZTF18aaybmrm
3761,ZTF18absojdg
3762,ZTF18aanlmup
3763,ZTF18acvggkf
3764,ZTF18aapupwx
3765,ZTF18abhayhx
3766,ZTF19aasbqaq
3767,ZTF19actidzx
3768,ZTF19accsmdk
3769,ZTF18aatzgak
3770,ZTF18aazhuma
3771,ZTF19aailnzn
3772,ZTF18adbinya
3773,ZTF19aadnutn
3774,ZTF18aazqhzb
3775,ZTF18abtjbio
3776,ZTF19aarmqmj
3777,ZTF19abegryq
3778,ZTF19abdlwmf
3779,ZTF18abtjnci
3780,ZTF18acueeoo
3781,ZTF18aacewcu
3782,ZTF18aakxoea
3783,ZTF18accdvur
3784,ZTF18abotfhu
3785,ZTF18abxhzbb
3786,ZTF19aabhupu
3787,ZTF20aaowayw
3788,ZTF19aaapjer
3789,ZTF18aarqjzg
3790,ZTF19aavyvkz
3791,ZTF19aaycpde
3792,ZTF18aakaajs
3793,ZTF19abfpvle
3794,ZTF19abpkhab
3795,ZTF20abfcsio
3796,ZTF18aaojnbl
3797,ZTF18aazzfia
3798,ZTF18aaltwbu
3799,ZTF19ablzful
3800,ZTF19abrntzj
3801,ZTF20abaizkk
3802,ZTF18abcyatq
3803,ZTF18acerksi
3804,ZTF19abhbkdm
3805,ZTF20aawifry
3806,ZTF19aasbfbe
3807,ZTF18aahzasr
3808,ZTF18acqrcks
3809,ZTF18abxbmks
3810,ZTF19ablacrl
3811,ZTF20aawycos
3812,ZTF19abaiahw
3813,ZTF18aayknwx
3814,ZTF18aamuovx
3815,ZTF19acyqbvl
3816,ZTF18aasuqkw
3817,ZTF19abgiqab
3818,ZTF18aakqzem
3819,ZTF19abxzlya
3820,ZTF19aamorff
3821,ZTF19abqgrht
3822,ZTF19ablpasc
3823,ZTF20aatpnmn
3824,ZTF19abgcbey
3825,ZTF19ackjpbo
3826,ZTF18abauilm
3827,ZTF19aarmzpa
3828,ZTF18abzkqeg
3829,ZTF18aceahjt
3830,ZTF19abeyuxt
3831,ZTF20aaqpsse
3832,ZTF18abvzqwo
3833,ZTF18actbijp
3834,ZTF18abfxfuj
3835,ZTF18acujebl
3836,ZTF19acammiy
3837,ZTF18abttqie
3838,ZTF19aacomym
3839,ZTF19aadgijf
3840,ZTF18abxsmlf
3841,ZTF18acaixyu
3842,ZTF19abqmptj
3843,ZTF19aaapfxl
3844,ZTF18aasjqao
3845,ZTF19abmtrny
3846,ZTF18aahvouw
3847,ZTF19abapecf
3848,ZTF19abheonl
3849,ZTF19aavxfib
3850,ZTF19aakpusk
3851,ZTF19acilxwo
3852,ZTF18aajlgnn
3853,ZTF19aanvilh
3854,ZTF18aakmfwg
3855,ZTF19abxnqsm
3856,ZTF18acwysnr
3857,ZTF20aadxfmx
3858,ZTF18aaysxzv
3859,ZTF18aamggvs
3860,ZTF18aagoxll
3861,ZTF19aaacgqu
3862,ZTF19acahttr
3863,ZTF18acxfuuq
3864,ZTF18acxcjut
3865,ZTF19aaozlut
3866,ZTF20aafsmrx
3867,ZTF20aahqeqo
3868,ZTF18abwppvq
3869,ZTF19aabvjbt
3870,ZTF19aagodxe
3871,ZTF18aawyekn
3872,ZTF18acnbejq
3873,ZTF18aaroxgv
3874,ZTF19acxncsm
3875,ZTF19aaneimo
3876,ZTF18abtswjk
3877,ZTF18aaswlrn
3878,ZTF19accdfdh
3879,ZTF18aakpnyt
3880,ZTF19abybaen
3881,ZTF18aauvyug
3882,ZTF19abasxkg
3883,ZTF19abzgeje
3884,ZTF20aauvhyy
3885,ZTF18abotthj
3886,ZTF18aazqgmk
3887,ZTF19aamrcnw
3888,ZTF20aahhplh
3889,ZTF19acblzyz
3890,ZTF18aajgqrw
3891,ZTF19abxjgal
3892,ZTF20aajciqj
3893,ZTF18aaetnmr
3894,ZTF18aaxejis
3895,ZTF18aakeywu
3896,ZTF18acvwaoa
3897,ZTF18aacbjcx
3898,ZTF18aaqlblz
3899,ZTF18aarippg
3900,ZTF18abmwszl
3901,ZTF19abptjum
3902,ZTF18aaqdxqq
3903,ZTF18acpovry
3904,ZTF18abltbrd
3905,ZTF18acpqbhv
3906,ZTF19aaojtfc
3907,ZTF18aaqmfxu
3908,ZTF19aahsdlw
3909,ZTF18acviafl
3910,ZTF18acewwqf
3911,ZTF19abdjxat
3912,ZTF19abcnkwm
3913,ZTF18aawnbyf
3914,ZTF18abnygwk
3915,ZTF18abrwtbu
3916,ZTF18accdjca
3917,ZTF19aanveds
3918,ZTF19abbzeny
3919,ZTF19abipoqj
3920,ZTF18abwhpxy
3921,ZTF19aahvgpa
3922,ZTF18accuutx
3923,ZTF19abiphxb
3924,ZTF18aauxtpt
3925,ZTF19abqrosf
3926,ZTF18acyxobm
3927,ZTF18acujevi
3928,ZTF19aavkttb
3929,ZTF18abvkpsd
3930,ZTF18abbuwwg
3931,ZTF18aaswkjp
3932,ZTF19abnwnnc
3933,ZTF18acyygca
3934,ZTF18abgudzu
3935,ZTF18aafkhgy
3936,ZTF19abjrpgw
3937,ZTF19achtews
3938,ZTF18acqvhvo
3939,ZTF19abzmdtw
3940,ZTF19aaitqmq
3941,ZTF18aacgehv
3942,ZTF18aasumni
3943,ZTF19adcbgjy
3944,ZTF19aarizuc
3945,ZTF18abcgryu
3946,ZTF18aboaqmt
3947,ZTF19abcfcst
3948,ZTF18acbzpek
3949,ZTF19abiaxpi
3950,ZTF18aauayco
3951,ZTF19acwrrvg
3952,ZTF19aabgefm
3953,ZTF18aaawccy
3954,ZTF19aanflwj
3955,ZTF19aabyqei
3956,ZTF19aamuxqo
3957,ZTF18aceicir
3958,ZTF18aavmxyf
3959,ZTF19aavrhwa
3960,ZTF19aaaeuxz
3961,ZTF18abnwufa
3962,ZTF18abhaofa
3963,ZTF18aappftv
3964,ZTF19abakico
3965,ZTF18adbnslo
3966,ZTF19aamktzy
3967,ZTF18abvloec
3968,ZTF18acryhcb
3969,ZTF20aaglock
3970,ZTF18aaxsntq
3971,ZTF18aboeowl
3972,ZTF18abkkcek
3973,ZTF18aaihwyi
3974,ZTF19acdtfdw
3975,ZTF18acnbpsv
3976,ZTF19aaiprwg
3977,ZTF18acbzwkm
3978,ZTF18adbbuqx
3979,ZTF18adalccn
3980,ZTF18abhqcql
3981,ZTF18aajlvsx
3982,ZTF18aauykdc
3983,ZTF18abueqkl
3984,ZTF18acclaaa
3985,ZTF19abwtuyu
3986,ZTF19abptscy
3987,ZTF18acvtqcp
3988,ZTF19abceuuu
3989,ZTF18acueutt
3990,ZTF19abgpnge
3991,ZTF20aacghde
3992,ZTF19aasngqr
3993,ZTF20aaqylqb
3994,ZTF18acxexnv
3995,ZTF19abpamob
3996,ZTF19aaleras
3997,ZTF20aahawtp
3998,ZTF19aatvkqe
3999,ZTF19aaaeomd
4000,ZTF18abteera
4001,ZTF18accvtny
4002,ZTF18acvgymf
4003,ZTF18aabxsag
4004,ZTF19abkftuu
4005,ZTF18acrhfbk
4006,ZTF18abxrhmi
4007,ZTF19abfhtmj
4008,ZTF19abzsogy
4009,ZTF18aajgsyc
4010,ZTF19adcazlk
4011,ZTF19abakniz
4012,ZTF19abiztcm
4013,ZTF19aalcuwu
4014,ZTF19aaapfqq
4015,ZTF19acudgnr
4016,ZTF19abjravi
4017,ZTF19abqyfvn
4018,ZTF19aadgbih
4019,ZTF18abfdckd
4020,ZTF18abufhtw
4021,ZTF19aanbojt
4022,ZTF19aaqaluu
4023,ZTF18acehpon
4024,ZTF19abrtgbz
4025,ZTF18adbdhtn
4026,ZTF20aayumky
4027,ZTF18abnyghh
4028,ZTF20aabqweh
4029,ZTF18aceokyk
4030,ZTF19abxyrzw
4031,ZTF20aaaxuey
4032,ZTF19aadkzep
4033,ZTF19aakrawk
4034,ZTF18aculhfq
4035,ZTF19aavlfls
4036,ZTF18acdzpgs
4037,ZTF19acecpjf
4038,ZTF18abrzfvx
4039,ZTF19acaqqke
4040,ZTF19aacjerv
4041,ZTF19aaafhdx
4042,ZTF20aasjurx
4043,ZTF19abrjpit
4044,ZTF19aavrxyy
4045,ZTF18aborhut
4046,ZTF19aarnrfo
4047,ZTF18aajjvsu
4048,ZTF20aayknbc
4049,ZTF18aaydyef
4050,ZTF18adfqfgr
4051,ZTF18aawwekm
4052,ZTF18aalvafa
4053,ZTF18aaeynun
4054,ZTF19abzsovo
4055,ZTF18aczexko
4056,ZTF18abtpite
4057,ZTF18acrvahh
4058,ZTF19abauylg
4059,ZTF18abxmxtq
4060,ZTF19acspeuw
4061,ZTF19abusovt
4062,ZTF19abucxvy
4063,ZTF19abucvwm
4064,ZTF20aadvsdj
4065,ZTF18acnapai
4066,ZTF19acchaza
4067,ZTF18aaxueui
4068,ZTF19achtihp
4069,ZTF19aaaooru
4070,ZTF18abmjgxz
4071,ZTF19aaapcym
4072,ZTF19acuhmhu
4073,ZTF19abxyqck
4074,ZTF18abtynxx
4075,ZTF18absiukr
4076,ZTF18acwywtf
4077,ZTF19aairhru
4078,ZTF20aawjssa
4079,ZTF18aauadpj
4080,ZTF18acqfzeh
4081,ZTF19acmblbi
4082,ZTF18acdwbbn
4083,ZTF18abcpopp
4084,ZTF18abitzos
4085,ZTF19aaycqef
4086,ZTF18acegfcv
4087,ZTF19abxxglm
4088,ZTF18abqiwui
4089,ZTF19aaeomsn
4090,ZTF18aaoxiuy
4091,ZTF19aamufhl
4092,ZTF20aatvsgz
4093,ZTF19accdewc
4094,ZTF18adfjzbr
4095,ZTF18aaozexk
4096,ZTF19abqxiok
4097,ZTF19abgjfoj
4098,ZTF20aadcqdc
4099,ZTF18aadadxs
4100,ZTF19abzgzzx
4101,ZTF18accmzgh
4102,ZTF19abgpgyp
4103,ZTF19aannxcy
4104,ZTF19aadfdni
4105,ZTF18abnzekd
4106,ZTF19abisyso
4107,ZTF18acidntq
4108,ZTF18aczehtp
4109,ZTF18aascwkh
4110,ZTF18abvhrmp
4111,ZTF18abaltla
4112,ZTF18abunnms
4113,ZTF18aaowwgf
4114,ZTF19aamqzhp
4115,ZTF18accnpad
4116,ZTF19acvtvkn
4117,ZTF19aailfge
4118,ZTF20aatpuyb
4119,ZTF19aafmyow
4120,ZTF19aazxlpv
4121,ZTF18acyuxjh
4122,ZTF19abcendj
4123,ZTF18acvgkeu
4124,ZTF18acwyqad
4125,ZTF19aaacpzz
4126,ZTF18abvsvjs
4127,ZTF19aavnven
4128,ZTF18aadygpb
4129,ZTF19aaaujez
4130,ZTF19aaueksg
4131,ZTF19abbjyyh
4132,ZTF19aalkyii
4133,ZTF18acajzvq
4134,ZTF18accdoui
4135,ZTF18aaqovfv
4136,ZTF18aaxmrom
4137,ZTF18aaqxrti
4138,ZTF19aaqsxaa
4139,ZTF19aapvrer
4140,ZTF19abpatiq
4141,ZTF19aaafyjr
4142,ZTF18acccwrm
4143,ZTF18adbzmfe
4144,ZTF18acajaur
4145,ZTF19acxnpak
4146,ZTF18acrxtfe
4147,ZTF18acdwmsx
4148,ZTF18aatwvxh
4149,ZTF18acclexy
4150,ZTF18ablqeoa
4151,ZTF19abucqod
4152,ZTF18aaowchz
4153,ZTF19aapgbtr
4154,ZTF18abqcpqj
4155,ZTF18abhbfrf
4156,ZTF19aafudly
4157,ZTF19abalvlr
4158,ZTF19aaftvte
4159,ZTF19abhemwd
4160,ZTF18abakpye
4161,ZTF19aaapkch
4162,ZTF19aapbahd
4163,ZTF19aandnvu
4164,ZTF18abxhnyj
4165,ZTF18abptsco
4166,ZTF19aandznq
4167,ZTF19abzkjzj
4168,ZTF19aapreis
4169,ZTF19abtpogn
4170,ZTF19abzzvsa
4171,ZTF18abhbqbh
4172,ZTF18aaoaphx
4173,ZTF19aaeoenc
4174,ZTF18aarpdcg
4175,ZTF19aamquei
4176,ZTF19aavvvaf
4177,ZTF19abzvyew
4178,ZTF18accmzeu
4179,ZTF19aamoidt
4180,ZTF18aavpktg
4181,ZTF18aatoiml
4182,ZTF19accloae
4183,ZTF18acyavzh
4184,ZTF18acuszrd
4185,ZTF20aamcvyp
4186,ZTF19abbfeeb
4187,ZTF19aawfwrr
4188,ZTF19abjpmxq
4189,ZTF19acgtkqe
4190,ZTF18adazbol
4191,ZTF19abvayal
4192,ZTF19achklbx
4193,ZTF18aaqdlxt
4194,ZTF18acubbxv
4195,ZTF18aaggogk
4196,ZTF18aarlffl
4197,ZTF18acepzqw
4198,ZTF19aaohcfv
4199,ZTF20aagvthc
4200,ZTF20aasjlyc
4201,ZTF19aaaoncq
4202,ZTF18abzboft
4203,ZTF19aannxsi
4204,ZTF18abktznh
4205,ZTF18aayahbh
4206,ZTF18aavxsps
4207,ZTF19aaprsvk
4208,ZTF19aacxfna
4209,ZTF19aarkxgw
4210,ZTF19ablrblz
4211,ZTF18aaqeslc
4212,ZTF19aaimigz
4213,ZTF18aaqyipl
4214,ZTF18acrvakb
4215,ZTF20aahhpgy
4216,ZTF18aakqsre
4217,ZTF18abilmzb
4218,ZTF18acslbve
4219,ZTF19aaydqxl
4220,ZTF18abwioob
4221,ZTF18aadhieh
4222,ZTF18abauagx
4223,ZTF18aakenua
4224,ZTF18aczeqva
4225,ZTF19aagwapu
4226,ZTF19acyksfd
4227,ZTF18aarnfbc
4228,ZTF18aahtnlt
4229,ZTF18aayjgwf
4230,ZTF18acdyypo
4231,ZTF18aasxvyo
4232,ZTF19abcejyp
4233,ZTF19abqwtfu
4234,ZTF18abwupjg
4235,ZTF18abtjlbl
4236,ZTF18acukdth
4237,ZTF19aanvdlz
4238,ZTF18abuesai
4239,ZTF19aadacey
4240,ZTF20aagmeej
4241,ZTF19abyhobw
4242,ZTF19aapwccz
4243,ZTF20aajcfsq
4244,ZTF19abzvjgv
4245,ZTF18acnbpmd
4246,ZTF19abmpssd
4247,ZTF18abvxglo
4248,ZTF18acajudm
4249,ZTF20aansybg
4250,ZTF18aarchxv
4251,ZTF20aaigatg
4252,ZTF19aapgdie
4253,ZTF18adbdrce
4254,ZTF18abvzjxl
4255,ZTF19ablmakd
4256,ZTF19aariudl
4257,ZTF18acacnzi
4258,ZTF18acwyyuz
4259,ZTF18acebefc
4260,ZTF19aaddogd
4261,ZTF19aademoc
4262,ZTF19aamhhmv
4263,ZTF18aaqmyiw
4264,ZTF18abquyqj
4265,ZTF19aaenchl
4266,ZTF20aaepqka
4267,ZTF18abzylls
4268,ZTF19abvhrgn
4269,ZTF20aaiuxmo
4270,ZTF20abefdcc
4271,ZTF19abeywrn
4272,ZTF18aampjcm
4273,ZTF19acdjfbg
4274,ZTF19adcbrdh
4275,ZTF18aczamxw
4276,ZTF20aauxmmp
4277,ZTF18acvwncp
4278,ZTF19aapueog
4279,ZTF18aakjqjl
4280,ZTF19abgqjcr
4281,ZTF19aapzmzm
4282,ZTF18abtguku
4283,ZTF19aaobvxr
4284,ZTF19aaqeisc
4285,ZTF18acvdstg
4286,ZTF19aarnlnc
4287,ZTF19aaddssj
4288,ZTF18aczeraw
4289,ZTF19accancu
4290,ZTF18acrxtda
4291,ZTF18aazvzsk
4292,ZTF19aartatq
4293,ZTF19aapdztv
4294,ZTF19aamhjny
4295,ZTF18acbzrll
4296,ZTF18aacgapq
4297,ZTF18aceemya
4298,ZTF19acspepj
4299,ZTF19achtfio
4300,ZTF19abpnclh
4301,ZTF19aakwhdp
4302,ZTF18aavirzt
4303,ZTF18abtmmff
4304,ZTF19aantojb
4305,ZTF19adawuvp
4306,ZTF18aawfjtl
4307,ZTF18abwmuua
4308,ZTF18abgjezf
4309,ZTF20aaeunqt
4310,ZTF18aauhnby
4311,ZTF19aarfrpq
4312,ZTF18acxzrgm
4313,ZTF19abkhodv
4314,ZTF19aakpjwl
4315,ZTF19aavakxj
4316,ZTF18acpjddi
4317,ZTF19abaktpb
4318,ZTF18acahnyh
4319,ZTF18aatiggj
4320,ZTF18abtnggb
4321,ZTF19aarhlrp
4322,ZTF20aanzmcw
4323,ZTF19adafhpm
4324,ZTF19aawgckg
4325,ZTF19aazccor
4326,ZTF18abxsczd
4327,ZTF18aavrcje
4328,ZTF18aayqklf
4329,ZTF19aaywapb
4330,ZTF18aanlcdk
4331,ZTF20aanabwl
4332,ZTF19aayrkrp
4333,ZTF18acbzwmk
4334,ZTF19adcboks
4335,ZTF19adcfuej
4336,ZTF19acccmyn
4337,ZTF19abjpirj
4338,ZTF18abbxisr
4339,ZTF18aazzqya
4340,ZTF19acjnvuq
4341,ZTF18abmneyq
4342,ZTF19aciuhub
4343,ZTF18accvmuk
4344,ZTF19aatgvhu
4345,ZTF19abyigib
4346,ZTF18acbztng
4347,ZTF19acldkdx
4348,ZTF18abafvbk
4349,ZTF18abifioh
4350,ZTF19aalbgzd
4351,ZTF19aanyubs
4352,ZTF19abfeleg
4353,ZTF18abeslum
4354,ZTF19aarqhfd
4355,ZTF20aabpwgs
4356,ZTF19abceibh
4357,ZTF18abwkans
4358,ZTF18acmtyuj
4359,ZTF18abamhju
4360,ZTF19aahuguh
4361,ZTF18acvhmhy
4362,ZTF18aaimjms
4363,ZTF19acvkkjg
4364,ZTF19abbxsbx
4365,ZTF18abtdtkd
4366,ZTF19acmdsle
4367,ZTF18aczeifg
4368,ZTF19aamhbqx
4369,ZTF19abceixx
4370,ZTF19abjrbwp
4371,ZTF19aaciqsc
4372,ZTF18abklsce
4373,ZTF19acxysjs
4374,ZTF18aaghttj
4375,ZTF18aczenfr
4376,ZTF18abmkcyx
4377,ZTF20aahqcud
4378,ZTF19acbhucd
4379,ZTF19abakjws
4380,ZTF18abscyhs
4381,ZTF18aayixhr
4382,ZTF18accdhln
4383,ZTF18abwpgxr
4384,ZTF20aafxzej
4385,ZTF18abvzjkg
4386,ZTF19aaclsgk
4387,ZTF19aarsuvf
4388,ZTF18abntxck
4389,ZTF18acvgzaw
4390,ZTF18aazhkkx
4391,ZTF18abhuycc
4392,ZTF18acbvtjm
4393,ZTF18abtnryk
4394,ZTF19abtzobv
4395,ZTF19aaefbni
4396,ZTF19aaozuqe
4397,ZTF19aaniqrr
4398,ZTF18aaqqkvg
4399,ZTF19aaxvuhg
4400,ZTF19aaddqnf
4401,ZTF19acmvzsy
4402,ZTF19aapfxui
4403,ZTF19aalbqzh
4404,ZTF19acgccsd
4405,ZTF19aavocqa
4406,ZTF19abytpsy
4407,ZTF18acvhpdh
4408,ZTF18acbzoxp
4409,ZTF18acwyxlc
4410,ZTF19aaaqmgk
4411,ZTF20aahaszx
4412,ZTF20aavfpmz
4413,ZTF18abjibkq
4414,ZTF18abtsacr
4415,ZTF19abxwbjp
4416,ZTF18acktvpz
4417,ZTF18abnzunr
4418,ZTF18abbejwc
4419,ZTF18aaqkdwf
4420,ZTF18acsvwgv
4421,ZTF17aacpjhi
4422,ZTF19abanfrn
4423,ZTF18aakvers
4424,ZTF19aczvzkd
4425,ZTF19aapphwa
4426,ZTF18aawruuc
4427,ZTF18aajozhc
4428,ZTF19acbvlry
4429,ZTF18abmwzpt
4430,ZTF19aamhpwx
4431,ZTF20abgbvrf
4432,ZTF18acrxyrk
4433,ZTF18acqtqic
4434,ZTF18abtnfmp
4435,ZTF19abdkege
4436,ZTF19abjoxpv
4437,ZTF19abdkfia
4438,ZTF19acbmycl
4439,ZTF19aalzrqb
4440,ZTF18aaisvqg
4441,ZTF18aazxduh
4442,ZTF18aaqqcaj
4443,ZTF18aawwfep
4444,ZTF19abrjtdg
4445,ZTF18acvjuym
4446,ZTF18abiirfq
4447,ZTF18acusyne
4448,ZTF19aaluprf
4449,ZTF18abeikbv
4450,ZTF18aayjyhr
4451,ZTF18abtjlsr
4452,ZTF19aatvlfq
4453,ZTF18aaxvvve
4454,ZTF18aahisvf
4455,ZTF19aanxgjn
4456,ZTF19aahcwul
4457,ZTF18abtfwhe
4458,ZTF19aanjvht
4459,ZTF17aackjpm
4460,ZTF19aatnfvj
4461,ZTF19aacsrbt
4462,ZTF18aaqihtg
4463,ZTF18aceatnu
4464,ZTF19aaumuup
4465,ZTF18acsohut
4466,ZTF18abuordc
4467,ZTF18abobfji
4468,ZTF19abdgooq
4469,ZTF18abotthu
4470,ZTF18accdizb
4471,ZTF19adcfwsq
4472,ZTF19abpguiw
4473,ZTF19abbxpzs
4474,ZTF18aablknf
4475,ZTF18abuajca
4476,ZTF18aceqkmg
4477,ZTF18acwyplg
4478,ZTF19aascjrb
4479,ZTF18acbwxea
4480,ZTF18acvwnpj
4481,ZTF18aabeeiz
4482,ZTF19acecglo
4483,ZTF19abiovhj
4484,ZTF18aalmrdp
4485,ZTF18abjeatz
4486,ZTF18abuarnf
4487,ZTF19abeggsd
4488,ZTF18acyanva
4489,ZTF19aaahsct
4490,ZTF18abmntps
4491,ZTF19aavlbmn
4492,ZTF20aauswxe
4493,ZTF19aavmcfe
4494,ZTF19aaycmli
4495,ZTF19aafpyse
4496,ZTF18adaruzw
4497,ZTF19aamnimi
4498,ZTF18abafuvn
4499,ZTF19aatqmqi
4500,ZTF19aapcxhn
4501,ZTF19aafmxir
4502,ZTF19aagnixq
4503,ZTF20aakocbx
4504,ZTF18aayyimm
4505,ZTF18adbshjd
4506,ZTF18acwzavm
4507,ZTF18abukkhp
4508,ZTF18aaabauf
4509,ZTF19aalbwiu
4510,ZTF18aczeypc
4511,ZTF18acaodsj
4512,ZTF18aczunpn
4513,ZTF19aceilrk
4514,ZTF18aaaovpz
4515,ZTF18aaxnjex
4516,ZTF18aayybbk
4517,ZTF18abuvrzu
4518,ZTF19adbluks
4519,ZTF19aavpzke
4520,ZTF19aafbnqi
4521,ZTF18aaglkku
4522,ZTF19aalzdfg
4523,ZTF19aatvkdy
4524,ZTF19aawswyp
4525,ZTF19abucwvq
4526,ZTF18absibtp
4527,ZTF19abatvit
4528,ZTF19aatuunr
4529,ZTF18adbakpl
4530,ZTF18aazzabm
4531,ZTF18aceexqg
4532,ZTF19abakiwu
4533,ZTF18aafkngv
4534,ZTF19aariszh
4535,ZTF19aalvzir
4536,ZTF19abjpjcz
4537,ZTF19aavalyh
4538,ZTF18aacddjc
4539,ZTF19aaacqmi
4540,ZTF19aacsofi
4541,ZTF19achspzk
4542,ZTF20aagxiaq
4543,ZTF19aaoybkb
4544,ZTF19abukwkk
4545,ZTF19acbvsgl
4546,ZTF18acqzihe
4547,ZTF18abpplqk
4548,ZTF18acnbgnc
4549,ZTF19abnszon
4550,ZTF18abuwcul
4551,ZTF18acyekdv
4552,ZTF19aascybd
4553,ZTF19abuoexn
4554,ZTF18abvziyf
4555,ZTF18acckqig
4556,ZTF18achftxu
4557,ZTF19abcmjed
4558,ZTF18abtogdl
4559,ZTF18aaquezq
4560,ZTF18aaybanq
4561,ZTF19aaozcxx
4562,ZTF18acauwik
4563,ZTF19aahdgmc
4564,ZTF20aakjutn
4565,ZTF18acsyfpg
4566,ZTF18adbtgsw
4567,ZTF18aanumkb
4568,ZTF18aavtant
4569,ZTF19abctwkl
4570,ZTF19abumvsh
4571,ZTF18aarmlzn
4572,ZTF19abfvkcf
4573,ZTF19aabjzsv
4574,ZTF20aahpwyv
4575,ZTF18ablrrlt
4576,ZTF19aadfxtv
4577,ZTF18aceeymp
4578,ZTF19aavovkq
4579,ZTF18achbyhq
4580,ZTF18acnnfvt
4581,ZTF18aahxakv
4582,ZTF18acnalnb
4583,ZTF18aaxkort
4584,ZTF18acqssac
4585,ZTF19aasfzvo
4586,ZTF18acvgmng
4587,ZTF18aahsakl
4588,ZTF18abcmrqo
4589,ZTF19aapvzud
4590,ZTF19abtruyh
4591,ZTF20aadwydg
4592,ZTF19aaxoxod
4593,ZTF18aakvpfp
4594,ZTF19acbptfr
4595,ZTF18aacxtzx
4596,ZTF18abvwobq
4597,ZTF18acbzrcb
4598,ZTF19aambzmf
4599,ZTF19aawfewz
4600,ZTF19aaskdnl
4601,ZTF19aapoclv
4602,ZTF20abbcgja
4603,ZTF19aarrcmx
4604,ZTF18aahxckb
4605,ZTF18aambplw
4606,ZTF18aavskea
4607,ZTF18ablpxus
4608,ZTF19acordoi
4609,ZTF18accnfqk
4610,ZTF19abpfuff
4611,ZTF19acqebea
4612,ZTF18abpdvjd
4613,ZTF20aacdhnd
4614,ZTF19abrolcu
4615,ZTF18aamffwm
4616,ZTF19acaurim
4617,ZTF19aatqcpw
4618,ZTF19aacmcfs
4619,ZTF18abqlclg
4620,ZTF19aannian
4621,ZTF19aayikjo
4622,ZTF18aamswgy
4623,ZTF18aaowaij
4624,ZTF18acueemg
4625,ZTF18aarmrbz
4626,ZTF18aaxhdic
4627,ZTF19abiqgsh
4628,ZTF19aafnnfb
4629,ZTF19aarmuxx
4630,ZTF19aathpah
4631,ZTF18aawriud
4632,ZTF18acpoedn
4633,ZTF19aacyzhn
4634,ZTF19abymhad
4635,ZTF18abqjbxj
4636,ZTF18aawngqo
4637,ZTF18acswzwg
4638,ZTF18abujbkh
4639,ZTF19aawxisy
4640,ZTF18abobufq
4641,ZTF18aaqjyhi
4642,ZTF18aafmcha
4643,ZTF18abwcslb
4644,ZTF18abhgswd
4645,ZTF19abqroyu
4646,ZTF20aawilhl
4647,ZTF18abeehyd
4648,ZTF19abaiglg
4649,ZTF19aaejujf
4650,ZTF18abmxcga
4651,ZTF19acardcs
4652,ZTF19abzrhgq
4653,ZTF18aaqpmwb
4654,ZTF18adatzbl
4655,ZTF18acgqweq
4656,ZTF18aazabua
4657,ZTF19aaapjgz
4658,ZTF18abqiwuz
4659,ZTF19aaprehw
4660,ZTF18acvvved
4661,ZTF19aawtgib
4662,ZTF18abhaqdv
4663,ZTF18acszrra
4664,ZTF19aaaknel
4665,ZTF19abfjjbi
4666,ZTF18aceylmp
4667,ZTF18actakjc
4668,ZTF18abqjbor
4669,ZTF18abtsobl
4670,ZTF19abiyyna
4671,ZTF19abjqxzj
4672,ZTF19aagxtqp
4673,ZTF18aajebrb
4674,ZTF18acqighv
4675,ZTF19abpejfn
4676,ZTF18aaaibml
4677,ZTF18acrwgfp
4678,ZTF18acwwpzv
4679,ZTF19aaaanyf
4680,ZTF19abggmrt
4681,ZTF18acvcgrx
4682,ZTF19aaapljd
4683,ZTF19abjgdko
4684,ZTF18acwynmr
4685,ZTF19ableoyh
4686,ZTF18acvhbmf
4687,ZTF18aarpfya
4688,ZTF18acwwxjb
4689,ZTF18acvhwpt
4690,ZTF19aaprvap
4691,ZTF18adbbwvw
4692,ZTF18acaxxwn
4693,ZTF19aaoyejq
4694,ZTF18abuatdz
4695,ZTF19abipowq
4696,ZTF19aaxtcue
4697,ZTF18abihxip
4698,ZTF19aahsicr
4699,ZTF19adafsfp
4700,ZTF20aaobeyl
4701,ZTF19abizomu
4702,ZTF20aaeqmzo
4703,ZTF19aadghmx
4704,ZTF18acaksoq
4705,ZTF19aaqtclp
4706,ZTF19abvjdfc
4707,ZTF18abqjmdt
4708,ZTF18abwnjuc
4709,ZTF18acwyxcm
4710,ZTF18aaumell
4711,ZTF20abeeyrc
4712,ZTF18acezdbb
4713,ZTF20aagxbqc
4714,ZTF18aasgnzp
4715,ZTF18acsxkme
4716,ZTF20aaxlznj
4717,ZTF18aamzwxk
4718,ZTF18acdvqsh
4719,ZTF20aaaeeqw
4720,ZTF18aahtfsf
4721,ZTF20aadxqcq
4722,ZTF18aaobtqp
4723,ZTF18aaiwdzt
4724,ZTF18aacajqc
4725,ZTF19aaybzfb
4726,ZTF19aakjepx
4727,ZTF19aanfzox
4728,ZTF19acbtcgj
4729,ZTF19acxowop
4730,ZTF18abomixe
4731,ZTF19aaafpfh
4732,ZTF19acryaon
4733,ZTF19aczlldp
4734,ZTF18abpeyfd
4735,ZTF18abmbdsa
4736,ZTF19abgmxwn
4737,ZTF19aaejtwl
4738,ZTF18abrcxyc
4739,ZTF18abnzlim
4740,ZTF18adalarn
4741,ZTF18ackvijw
4742,ZTF18aaympoe
4743,ZTF19aacwjfb
4744,ZTF18aaxqtbj
4745,ZTF19ablzhhb
4746,ZTF18abumxrj
4747,ZTF18abwbcjx
4748,ZTF18abtyoco
4749,ZTF20aaifsmw
4750,ZTF20aavgzcl
4751,ZTF18abvzkzx
4752,ZTF18aakebod
4753,ZTF20aaxyoej
4754,ZTF19aauhevd
4755,ZTF19abaidez
4756,ZTF19aawfvsd
4757,ZTF19abcfguz
4758,ZTF18acfdtmi
4759,ZTF19aciivsu
4760,ZTF19acyjyyl
4761,ZTF19aavydpw
4762,ZTF18acbxndj
4763,ZTF18acantwg
4764,ZTF20aabqjod
4765,ZTF18abssdpi
4766,ZTF18adalgtv
4767,ZTF18aajnqmp
4768,ZTF19acbvtln
4769,ZTF19abqsfte
4770,ZTF19abxmave
4771,ZTF19aavwybq
4772,ZTF20abcgkff
4773,ZTF18aamfehn
4774,ZTF18abnyfuq
4775,ZTF18abolwbb
4776,ZTF18aaohiqj
4777,ZTF19acmvrbp
4778,ZTF18abtvgxv
4779,ZTF19adceosw
4780,ZTF19aadfxfj
4781,ZTF19aadnuma
4782,ZTF18aaluviz
4783,ZTF19aamqolz
4784,ZTF19acmbesz
4785,ZTF18absloog
4786,ZTF18achtpxi
4787,ZTF19aablivc
4788,ZTF18aazgqkb
4789,ZTF18acxxarb
4790,ZTF19aanlvnl
4791,ZTF19ableplf
4792,ZTF19aawqatb
4793,ZTF19aacolgi
4794,ZTF19aayijmu
4795,ZTF19aarjrho
4796,ZTF19aavijrk
4797,ZTF19abehove
4798,ZTF18acvgwax
4799,ZTF18abrzhne
4800,ZTF19aaapjps
4801,ZTF18absxxye
4802,ZTF18absqitc
4803,ZTF18adbttgy
4804,ZTF19acatxxt
4805,ZTF19aalbfxp
4806,ZTF18aaimafl
4807,ZTF19achanpf
4808,ZTF18aaxnovi
4809,ZTF20aanrvwn
4810,ZTF20aafuwsl
4811,ZTF18aceqxwp
4812,ZTF19acblljh
4813,ZTF19aaondau
4814,ZTF19aatuxrr
4815,ZTF19aavrsae
4816,ZTF18acbzuxp
4817,ZTF18aajmmmo
4818,ZTF19abcqldo
4819,ZTF18acdwavx
4820,ZTF19aakvzqn
4821,ZTF18acakqot
4822,ZTF18aamxjoa
4823,ZTF19aahdire
4824,ZTF18aanweox
4825,ZTF18acpkjyg
4826,ZTF18aaeloes
4827,ZTF18abxygvv
4828,ZTF19aavocwt
4829,ZTF18acbwfus
4830,ZTF18aaxpyvb
4831,ZTF19abiyfyr
4832,ZTF19aalepov
4833,ZTF18aaavwka
4834,ZTF18accfxnn
4835,ZTF19aascpsd
4836,ZTF19acmxgdq
4837,ZTF18accnlkz
4838,ZTF19aamqjqc
4839,ZTF19aamctcx
4840,ZTF18aaqixio
4841,ZTF18abppeth
4842,ZTF18acvwgdu
4843,ZTF18acebcwi
4844,ZTF19aadgoqb
4845,ZTF19acefycg
4846,ZTF18aceufyk
4847,ZTF19aauixft
4848,ZTF18accwjrr
4849,ZTF18aczazhs
4850,ZTF18acefioe
4851,ZTF18acbvvku
4852,ZTF19aatpeqx
4853,ZTF19acbntnh
4854,ZTF18adcbymm
4855,ZTF18abjstcm
4856,ZTF18abvldmo
4857,ZTF18aaeyilr
4858,ZTF19acbmtji
4859,ZTF18aczenap
4860,ZTF18acevnfx
4861,ZTF19abvgnxg
4862,ZTF19aarpplo
4863,ZTF18abtmnrx
4864,ZTF18aczehxt
4865,ZTF18abeakzq
4866,ZTF20aagiuvq
4867,ZTF19aadgdxs
4868,ZTF19aaflhah
4869,ZTF19abclykm
4870,ZTF19abnrnjt
4871,ZTF19acdtpow
4872,ZTF18aaltyor
4873,ZTF18acsxvpj
4874,ZTF19abegmls
4875,ZTF18aaswtnb
4876,ZTF18aarcatu
4877,ZTF18aceflan
4878,ZTF18aboiucv
4879,ZTF18achbxbz
4880,ZTF20aazmbwu
4881,ZTF18acauuqz
4882,ZTF20abgtxsn
4883,ZTF18abvgjvh
4884,ZTF18abeyfuz
4885,ZTF18aceyxlw
4886,ZTF19aanhobf
4887,ZTF18acvvzoj
4888,ZTF18abnuqzz
4889,ZTF18adblacb
4890,ZTF19abhendr
4891,ZTF18accweaq
4892,ZTF18acefjok
4893,ZTF20aanvvmv
4894,ZTF19acdifnh
4895,ZTF18abdrfld
4896,ZTF18abefdch
4897,ZTF18abfhgug
4898,ZTF19abirbnk
4899,ZTF19aazdveh
4900,ZTF19abfiohr
4901,ZTF19aagxapt
4902,ZTF18aakvghu
4903,ZTF19abxzmbi
4904,ZTF19aapmoya
4905,ZTF19abaswiv
4906,ZTF19aatmgnt
4907,ZTF19acgkxnn
4908,ZTF19aarilue
4909,ZTF18acaoyyf
4910,ZTF18abtmtfy
4911,ZTF19aadowal
4912,ZTF19aarhhui
4913,ZTF18abrlurr
4914,ZTF18abolvzu
4915,ZTF20aafrltf
4916,ZTF19aappiqn
4917,ZTF18abecuvz
4918,ZTF19aaojalt
4919,ZTF18acavmbl
4920,ZTF20aatusjj
4921,ZTF19aascmgp
4922,ZTF18aaqlukq
4923,ZTF19aariahx
4924,ZTF19abtrmab
4925,ZTF18acgunvo
4926,ZTF18acholnj
4927,ZTF19aaapdum
4928,ZTF18aakekez
4929,ZTF18aculchj
4930,ZTF19aaafgdr
4931,ZTF19abmyqob
4932,ZTF20aanfvme
4933,ZTF18aacjltc
4934,ZTF18aajnqcz
4935,ZTF19acxoxfc
4936,ZTF18acuypmo
4937,ZTF17aaazdba
4938,ZTF17aacmbhk
4939,ZTF19abaezlx
4940,ZTF19abyjjxp
4941,ZTF18aarutmj
4942,ZTF19aautohd
4943,ZTF19acgfqjm
4944,ZTF19abyeixl
4945,ZTF19abmpebe
4946,ZTF18aaudbff
4947,ZTF18ablqqeb
4948,ZTF19accadex
4949,ZTF19aarsjdb
4950,ZTF19abkhkwl
4951,ZTF18acetimn
4952,ZTF19aavprgm
4953,ZTF18abfyxlk
4954,ZTF18abjbgbs
4955,ZTF18abuyxsw
4956,ZTF19aaycnog
4957,ZTF18abjjyhb
4958,ZTF20aaaxrjb
4959,ZTF20aamogaf
4960,ZTF19aaajbqo
4961,ZTF19aayvowe
4962,ZTF18acuejcm
4963,ZTF18abzuzrg
4964,ZTF20aaerxsd
4965,ZTF19aaikyqh
4966,ZTF18aanorod
4967,ZTF20aahbrfu
4968,ZTF18abxrsjb
4969,ZTF19aapgbnh
4970,ZTF18accdsxf
4971,ZTF18aaqdcjb
4972,ZTF18aatyezf
4973,ZTF19aafureu
4974,ZTF19abydxyl
4975,ZTF19aasftkm
4976,ZTF19aasltwg
4977,ZTF18aalqngn
4978,ZTF19abovsqr
4979,ZTF18acruxts
4980,ZTF18aaowlig
4981,ZTF20aazfihy
4982,ZTF18aaklvjg
4983,ZTF18acsldfi
4984,ZTF20aatpzog
4985,ZTF18aagemot
4986,ZTF18acbwppb
4987,ZTF19acudlnz
4988,ZTF18adbcnev
4989,ZTF20aabqhig
4990,ZTF18aceikwn
4991,ZTF18aarnqjj
4992,ZTF19abxpmqv
4993,ZTF18acsvwfr
4994,ZTF18aanstge
4995,ZTF18aaqmtia
4996,ZTF18acidwhi
4997,ZTF19aafnend
4998,ZTF19aautsng
4999,ZTF20aajrajx
5000,ZTF18acqzihm
5001,ZTF18abomkbx
5002,ZTF18abfmpxn
5003,ZTF20aaovpbz
5004,ZTF18aaymqbw
5005,ZTF19aadjjhf
5006,ZTF19abctinh
5007,ZTF19abaupin
5008,ZTF18aahirnj
5009,ZTF18acrcshq
5010,ZTF18achbuhn
5011,ZTF18abuqgva
5012,ZTF18aaivkef
5013,ZTF18aanlzzf
5014,ZTF19aazdvhq
5015,ZTF19acgqbik
5016,ZTF19abxdnzt
5017,ZTF18acclefa
5018,ZTF18aaqqukd
5019,ZTF18acbbbts
5020,ZTF18acnbglg
5021,ZTF18aaymybb
5022,ZTF18aczeqso
5023,ZTF19abpasnw
5024,ZTF18aaajska
5025,ZTF18aaybvhx
5026,ZTF19aamrcre
5027,ZTF19aaikxsg
5028,ZTF19acygmjq
5029,ZTF19aasfdyz
5030,ZTF18abtohdd
5031,ZTF20aanepfv
5032,ZTF18aahgojc
5033,ZTF18aatclsl
5034,ZTF18abilyln
5035,ZTF18abbxmfw
5036,ZTF18abuahvc
5037,ZTF18accvtmh
5038,ZTF19aaknvuh
5039,ZTF18abhgyju
5040,ZTF18aczeeyf
5041,ZTF19aaysjii
5042,ZTF20aanlbcz
5043,ZTF19aanxpzs
5044,ZTF18aarlhjk
5045,ZTF18acckpzv
5046,ZTF19aamqvmx
5047,ZTF18aaxxeqg
5048,ZTF19aalbbxz
5049,ZTF18acrniue
5050,ZTF19acvrmqp
5051,ZTF19abquxhg
5052,ZTF19aajykpl
5053,ZTF18aaggxes
5054,ZTF19ablfcye
5055,ZTF18acezqoh
5056,ZTF19abqmuvz
5057,ZTF18acryfwy
5058,ZTF19adajsgv
5059,ZTF19aaozrjd
5060,ZTF19aailmac
5061,ZTF18aajjbcf
5062,ZTF19aaikxvr
5063,ZTF19aavnxwj
5064,ZTF19acbvfil
5065,ZTF18achxjxc
5066,ZTF18ablpujj
5067,ZTF19abxxedn
5068,ZTF20aazpaki
5069,ZTF19aaaorwd
5070,ZTF18aaziudx
5071,ZTF18acwwkyl
5072,ZTF19aannbdq
5073,ZTF19aarfzka
5074,ZTF19aariqoj
5075,ZTF19abqsjtk
5076,ZTF19abtqure
5077,ZTF18aaqkdwu
5078,ZTF19aavyjdn
5079,ZTF18acsxuxq
5080,ZTF18aagrkwn
5081,ZTF18abnvkuw
5082,ZTF18acryhbn
5083,ZTF18abfhsca
5084,ZTF18abtjkoj
5085,ZTF19aamrccs
5086,ZTF19abaszwa
5087,ZTF18aaqcxpx
5088,ZTF18abfbbjf
5089,ZTF18acrygfl
5090,ZTF18acxhwir
5091,ZTF18aahvkxq
5092,ZTF18abmnwor
5093,ZTF19aapvvnm
5094,ZTF18abfyyaq
5095,ZTF19abpjgkq
5096,ZTF19aatfkmb
5097,ZTF19aanymov
5098,ZTF18acakgpd
5099,ZTF18aceyycp
5100,ZTF19abimmds
5101,ZTF18abhbgyx
5102,ZTF19aaefgmq
5103,ZTF19accqfon
5104,ZTF18abaaeip
5105,ZTF18abafsin
5106,ZTF19aaozmrs
5107,ZTF19aavojzs
5108,ZTF19abegqnr
5109,ZTF19abfrnkr
5110,ZTF18aamrkcp
5111,ZTF18abvjezq
5112,ZTF18acueumu
5113,ZTF19aanekdl
5114,ZTF19adcfueh
5115,ZTF18adbckch
5116,ZTF18aayqobu
5117,ZTF18abrdtep
5118,ZTF18aaqrhyu
5119,ZTF19abjgcxh
5120,ZTF18aapzqup
5121,ZTF18acrngog
5122,ZTF19aapbamj
5123,ZTF19abdkgcq
5124,ZTF18acgvysg
5125,ZTF18abuijdr
5126,ZTF18abqjbqh
5127,ZTF19abamvji
5128,ZTF18acruudw
5129,ZTF18aaabiea
5130,ZTF18ablqrmy
5131,ZTF18acchalr
5132,ZTF18abiinpq
5133,ZTF20aausyfg
5134,ZTF18ablenpn
5135,ZTF20aafwgys
5136,ZTF19aatmgim
5137,ZTF18aaohjqu
5138,ZTF18adalgnn
5139,ZTF18aaqmaet
5140,ZTF18acsouto
5141,ZTF19aairnvz
5142,ZTF18acebwck
5143,ZTF18aarlukc
5144,ZTF19abovlfa
5145,ZTF19aakykhn
5146,ZTF18aahiufs
5147,ZTF18aakhsuc
5148,ZTF19abfrmrn
5149,ZTF18abastey
5150,ZTF20aaiqhmw
5151,ZTF19abcogqg
5152,ZTF18adfbqvq
5153,ZTF18acxcokz
5154,ZTF19aahfeia
5155,ZTF18acdykdh
5156,ZTF20aangpml
5157,ZTF19acbkyma
5158,ZTF18abgujpm
5159,ZTF18abuehto
5160,ZTF19aakzuom
5161,ZTF19acqpikt
5162,ZTF20aafxhxo
5163,ZTF19acagplz
5164,ZTF19abajgdq
5165,ZTF18acvdcyf
5166,ZTF19abpatpa
5167,ZTF20aatwyzg
5168,ZTF18aabejyh
5169,ZTF20aaskeca
5170,ZTF18acckpvx
5171,ZTF19abfiqjg
5172,ZTF19aatubsj
